CBSA,MSA,n_lawyers,n_labeled_lawyers,n_zero_label_lawyers,Bankruptcy Law_normalized_1overN_count,Civil Litigation_normalized_1overN_count,Corporate / Business Law_normalized_1overN_count,Criminal Defense_normalized_1overN_count,Employment / Labor Law_normalized_1overN_count,Estate Planning / Probate / Trusts_normalized_1overN_count,Family Law_normalized_1overN_count,General Practice / Other_normalized_1overN_count,Immigration Law_normalized_1overN_count,Intellectual Property Law_normalized_1overN_count,Personal Injury / Torts_normalized_1overN_count,Real Estate Law_normalized_1overN_count,Tax Law_normalized_1overN_count
10180,"Abilene, TX",411,315,96,7.842063492063492,45.2265873015873,52.4515873015873,45.840873015873015,9.812301587301587,39.7265873015873,46.62539682539683,9.426190476190476,0.875,4.4,21.43968253968254,27.53253968253968,3.801190476190476
10420,"Akron, OH",3746,2739,1007,112.62853535353536,464.5376623376623,510.5698051948052,214.5011544011544,202.07972582972582,229.12178932178932,197.39368686868687,137.10631313131313,32.165079365079364,101.88643578643578,235.82734487734487,217.8027417027417,83.37972582972583
10500,"Albany, GA",411,322,89,22.941666666666666,60.87023809523809,37.85357142857143,30.66785714285714,27.435714285714287,23.378571428571426,27.386904761904763,8.583333333333334,3.2,2.025,37.17857142857143,30.20357142857143,10.275
10540,"Albany, OR",211,128,83,1.667857142857143,17.660714285714285,16.84404761904762,23.001190476190477,6.0928571428571425,17.794047619047618,15.094047619047618,7.126190476190476,0.25,0.8333333333333333,8.591666666666667,11.877380952380951,1.1666666666666665
10580,"Albany-Schenectady-Troy, NY",8645,4966,3679,102.08073593073593,1130.451370851371,1002.7176406926407,279.7021645021645,403.71565656565656,298.29065656565655,283.1926406926407,199.08113275613275,38.52619047619048,107.02301587301586,457.59343434343435,522.5370851370851,141.0882756132756
10740,"Albuquerque, NM",6520,4978,1542,146.07870185370186,1136.1204406704408,676.9736152736152,564.4914002664002,348.1585359085359,252.94302364302365,346.3319125319125,250.66369463869464,69.93342768342768,93.29720834720834,527.5271506271506,438.9759962259962,126.50489232989233
10780,"Alexandria, LA",717,472,245,14.994444444444444,101.86349206349206,52.43849206349206,30.991666666666667,37.078968253968256,30.66349206349206,33.25119047619047,21.35238095238095,5.136111111111111,3.533333333333333,97.78015873015873,35.913492063492065,7.002777777777777
10900,"Allentown-Bethlehem-Easton, PA-NJ",2276,1452,824,35.067496392496395,274.56233766233765,238.69209956709958,87.79642857142856,123.52186147186147,119.86948051948052,126.03852813852814,51.63333333333333,16.403210678210677,36.718686868686866,149.27781385281386,165.2992424242424,27.11948051948052
11020,"Altoona, PA",245,166,79,2.3027777777777776,32.7765873015873,17.400396825396825,14.397619047619047,14.66468253968254,21.817063492063493,18.44325396825397,9.75952380952381,0.0,1.1111111111111112,15.209920634920636,17.29206349206349,0.825
11100,"Amarillo, TX",847,700,147,22.025,112.19047619047619,162.5265873015873,103.76468253968254,26.761904761904763,60.34920634920635,51.33015873015873,9.965873015873015,6.6646825396825395,7.598412698412698,58.57698412698413,65.08968253968254,13.156349206349207
11180,"Ames, IA",290,120,170,2.7785714285714285,19.72142857142857,16.445238095238096,10.145238095238096,3.744047619047619,14.07857142857143,13.628571428571428,10.93452380952381,2.6666666666666665,4.25,4.595238095238095,13.402380952380952,3.6095238095238096
11200,"Amherst Town-Northampton, MA",834,455,379,7.727777777777778,74.24722222222222,62.71388888888889,43.830555555555556,34.71388888888889,47.955555555555556,40.852777777777774,37.09444444444444,5.533333333333333,8.858333333333333,29.030555555555555,51.14722222222222,11.294444444444444
11260,"Anchorage, AK",2747,1868,879,39.88257575757576,455.15321067821066,413.14844877344876,138.39249639249638,162.38892496392495,93.945670995671,125.54130591630592,63.34249639249639,29.241305916305915,14.963492063492064,167.06785714285715,134.46233766233766,30.469877344877343
11460,"Ann Arbor, MI",2587,2034,553,31.28145743145743,355.78820346320344,430.5632034632035,157.2952380952381,139.0453463203463,177.70606060606062,134.0333694083694,110.42882395382395,54.72857142857143,119.2874098124098,89.38740981240981,167.5512987012987,66.9036075036075
11500,"Anniston-Oxford, AL",284,158,126,9.652380952380952,34.76190476190476,11.611904761904762,20.426190476190477,8.90952380952381,12.978571428571428,22.11190476190476,8.576190476190476,0.0,0.0,17.345238095238095,10.959523809523809,0.6666666666666666
11540,"Appleton, WI",610,389,221,8.969047619047618,67.9047619047619,72.92142857142858,26.495238095238093,21.369047619047617,42.56190476190476,40.07142857142857,17.026190476190475,1.1666666666666665,6.566666666666666,42.84285714285714,34.1047619047619,7.0
11700,"Asheville, NC",1827,1131,696,39.637301587301586,216.8972222222222,183.45198412698412,121.47222222222221,67.58690476190476,108.33769841269842,91.97817460317461,32.74960317460317,7.05,21.426190476190477,85.2265873015873,132.19722222222222,22.988888888888887
12020,"Athens-Clarke County, GA",962,701,261,22.203968253968252,142.19166666666666,118.43214285714285,61.80277777777778,40.98968253968254,56.025,67.56666666666666,20.184126984126983,9.025,14.27579365079365,68.33214285714286,58.68928571428572,21.28174603174603
12060,"Atlanta-Sandy Springs-Roswell, GA",42374,33912,8462,990.7986402486403,6392.205783105783,7464.501814851815,2089.1442751692753,2915.623495948496,1435.9116994116994,2136.653762903763,848.3005522255522,606.7468364968365,1491.8161005661007,2959.344635919636,3651.8065767565768,929.1458263958264
12100,"Atlantic City-Hammonton, NJ",1803,1161,642,32.128571428571426,237.79761904761904,213.3642857142857,75.1313492063492,102.0079365079365,66.93928571428572,67.03968253968254,52.64523809523809,5.199999999999999,10.783333333333333,136.85714285714286,136.6654761904762,24.440079365079363
12220,"Auburn-Opelika, AL",456,281,175,10.181349206349207,59.87380952380952,31.735714285714284,28.864285714285714,12.156746031746032,17.89761904761905,26.423809523809524,18.542857142857144,1.9166666666666665,0.6361111111111111,39.614285714285714,27.690079365079367,5.466666666666667
12260,"Augusta-Richmond County, GA-SC",1432,1008,424,35.03968253968254,190.17698412698414,128.6579365079365,101.74087301587302,73.10674603174603,76.4734126984127,98.06825396825397,40.44126984126984,5.468253968253968,14.397619047619047,125.97936507936508,102.00753968253969,16.442063492063493
12420,"Austin-Round Rock-San Marcos, TX",18391,14466,3925,281.03834776334776,3326.276479076479,3480.533621933622,1147.6737012987012,817.8629509379509,763.6193362193362,820.3875541125541,290.3693362193362,229.5151515151515,877.8893578643579,840.0034632034632,1134.2578282828283,456.5728715728716
12540,"Bakersfield-Delano, CA",1148,790,358,18.90833333333333,127.43571428571428,135.88571428571427,109.6595238095238,95.19285714285714,50.81071428571428,57.55119047619048,31.46785714285714,9.083333333333332,16.476190476190474,56.51785714285714,65.80952380952381,15.201190476190476
12580,"Baltimore-Columbia-Towson, MD",20373,13862,6511,369.86079753579753,3016.163575313575,2644.046908646909,989.2441308691309,955.352861027861,930.6766705516706,839.843734043734,594.14560994561,162.62335164835164,347.88893606393606,1234.2040515040514,1369.2254800754802,408.72389277389277
12620,"Bangor, ME",562,362,200,9.475793650793651,73.32103174603175,52.69484126984127,33.41031746031746,26.20079365079365,34.69484126984127,28.351984126984128,15.752380952380951,6.241666666666667,8.125,26.561507936507937,44.1031746031746,3.0666666666666664
12700,"Barnstable Town, MA",1779,1003,776,22.052380952380954,159.2746031746032,168.72698412698412,75.83055555555555,41.81111111111111,130.46507936507936,77.25555555555556,59.85674603174603,2.5595238095238093,21.541666666666668,60.849603174603175,156.30555555555554,26.47063492063492
12940,"Baton Rouge, LA",6293,3602,2691,88.43849206349206,842.125,717.6083333333333,198.69880952380953,205.81190476190477,200.12579365079364,199.83333333333334,147.52579365079364,21.313492063492063,51.84880952380952,586.4559523809523,268.1174603174603,74.0968253968254
12980,"Battle Creek, MI",278,224,54,4.192857142857143,29.62579365079365,34.092460317460315,36.66626984126984,13.910714285714285,27.309126984126983,29.373412698412697,10.852777777777778,1.5095238095238095,3.5095238095238095,8.326190476190476,21.11626984126984,3.515079365079365
13020,"Bay City, MI",222,178,44,10.542460317460318,27.95793650793651,18.203968253968252,29.994444444444444,10.742460317460317,18.08888888888889,24.20793650793651,10.951984126984128,0.0,0.9166666666666666,11.713888888888889,12.846031746031747,1.8333333333333333
13140,"Beaumont-Port Arthur, TX",1028,847,181,15.019841269841269,159.3357142857143,115.01071428571429,101.36865079365079,40.08531746031746,75.64285714285714,65.00595238095238,23.23611111111111,5.215873015873016,7.656349206349207,171.00238095238095,55.04047619047619,13.379761904761905
13220,"Beckley, WV",259,128,131,3.242857142857143,23.29047619047619,16.097619047619048,11.566666666666666,7.8809523809523805,9.607142857142858,13.373809523809523,6.7595238095238095,0.0,0.2,17.84047619047619,17.357142857142858,0.7833333333333333
13380,"Bellingham, WA",799,621,178,11.271825396825397,107.09563492063492,81.48611111111111,67.41150793650793,34.08134920634921,38.62261904761905,42.14404761904762,68.75277777777778,19.15833333333333,20.37579365079365,45.41825396825397,78.40277777777777,6.778968253968253
13460,"Bend, OR",1014,669,345,16.71309523809524,108.63571428571429,118.72380952380952,70.66190476190476,40.8297619047619,60.482142857142854,70.46666666666667,33.20595238095238,7.333333333333333,19.054761904761904,34.121428571428574,73.51666666666667,15.254761904761905
13740,"Billings, MT",951,694,257,31.255627705627706,149.11872294372293,118.83300865800865,43.48459595959596,58.23142135642136,44.290151515151514,36.72348484848485,20.858730158730157,1.6166666666666667,7.922294372294372,93.09015151515152,66.28777056277056,22.287373737373738
13780,"Binghamton, NY",863,625,238,10.609595959595959,109.92864357864357,101.72864357864357,46.259595959595956,50.47864357864358,71.36197691197691,51.385786435786436,20.3004329004329,1.7666666666666666,18.007575757575758,37.66911976911977,96.4508658008658,9.052453102453102
13820,"Birmingham, AL",9218,5880,3338,188.99769119769118,1383.898484848485,1185.0294372294372,299.88142135642136,498.6084054834055,275.2290404040404,310.3794372294372,280.07189754689756,32.20198412698413,82.85119047619048,785.5091991341991,441.59451659451656,115.74729437229438
13900,"Bismarck, ND",760,382,378,10.126587301587302,89.02063492063492,84.64444444444445,31.219444444444445,22.171825396825398,26.353968253968254,21.757142857142856,20.74563492063492,1.4166666666666667,1.8928571428571428,34.359920634920634,32.228968253968254,6.061904761904762
13980,"Blacksburg-Christiansburg-Radford, VA",351,187,164,2.1166666666666667,31.095238095238095,28.495238095238093,32.0452380952381,9.526190476190475,13.528571428571428,17.335714285714285,11.402380952380952,2.0,5.533333333333333,16.926190476190477,15.961904761904762,1.0333333333333332
14010,"Bloomington, IL",644,436,208,9.592857142857143,102.04642857142856,54.260714285714286,39.775,35.96666666666667,32.92142857142857,40.23452380952381,15.910714285714285,4.4,2.0428571428571427,51.0797619047619,40.87738095238095,6.891666666666667
14020,"Bloomington, IN",847,482,365,10.327813852813852,85.91471861471861,79.51471861471862,41.70400432900433,20.636147186147184,47.057575757575755,44.87900432900433,41.21233766233766,3.15,13.707575757575757,37.48095238095238,42.99090909090909,13.424242424242424
14260,"Boise City, ID",3794,2295,1499,64.0507215007215,458.0364357864358,471.61857864357864,174.7110028860029,156.20508658008657,138.11381673881675,134.99592352092353,158.51778499278498,23.337734487734487,71.79924242424242,171.24238816738816,222.60032467532469,49.770959595959596
14460,"Boston-Cambridge-Newton, MA-NH",57199,31525,25674,649.5865301365301,5987.675419025419,7468.329784104784,1530.0123237873238,1917.7873237873237,1950.8837523587524,1543.9309745809746,1889.0304695304694,543.7308302808302,1810.0349067599068,1953.816292041292,3341.7333555333553,938.4480380730381
14500,"Boulder, CO",3079,1957,1122,35.81150793650794,335.2964285714286,469.31071428571425,145.2968253968254,93.07698412698413,105.41904761904762,144.18928571428572,64.30039682539683,43.98134920634921,134.6781746031746,95.36190476190475,240.51785714285714,49.759523809523806
14540,"Bowling Green, KY",565,407,158,15.590873015873015,92.13650793650794,42.61984126984127,37.842460317460315,35.788492063492065,26.793650793650794,29.699603174603173,20.322222222222223,3.5206349206349206,4.1,60.275396825396825,32.9984126984127,5.311904761904762
14580,"Bozeman, MT",640,412,228,4.270238095238096,85.42023809523809,90.47023809523809,26.413492063492065,23.909523809523808,25.81904761904762,21.724206349206348,14.430555555555555,0.16666666666666666,11.547222222222222,42.09166666666667,60.95357142857143,4.783333333333333
14740,"Bremerton-Silverdale-Port Orchard, WA",1078,817,261,16.284126984126985,147.4892857142857,121.28095238095239,76.83611111111111,48.13214285714286,64.71309523809524,45.88055555555555,87.77579365079364,6.412301587301587,20.055555555555554,60.87619047619047,104.53412698412698,16.729761904761904
15180,"Brownsville-Harlingen, TX",765,617,148,12.190079365079365,109.24126984126984,69.14007936507936,105.11031746031746,30.568253968253966,34.65238095238095,45.03888888888889,12.823412698412698,56.12301587301587,4.878968253968254,85.03650793650793,42.3984126984127,9.798412698412697
15260,"Brunswick-St. Simons, GA",626,458,168,10.78953823953824,87.49072871572871,84.87406204906205,40.88055555555555,28.508189033189034,27.73001443001443,35.64390331890332,18.539141414141415,4.786363636363637,4.934920634920635,50.73596681096681,53.39787157287157,9.688744588744589
15380,"Buffalo-Cheektowaga, NY",7165,4549,2616,101.0079365079365,883.4865079365079,832.8666666666667,281.50674603174605,367.0496031746032,296.05833333333334,267.9876984126984,156.87460317460318,81.67619047619047,107.60198412698412,574.1607142857142,479.94603174603174,118.77698412698413
15500,"Burlington, NC",350,181,169,5.767857142857142,32.541666666666664,29.59404761904762,25.81904761904762,11.217857142857143,13.727380952380953,18.777380952380952,6.15,0.9428571428571428,3.0666666666666664,15.676190476190476,14.077380952380953,3.6416666666666666
15540,"Burlington-South Burlington, VT",1395,946,449,17.03268398268398,192.00609668109666,223.63943001443002,52.89419191919192,78.91323953823954,50.12038239538239,47.8774531024531,31.588239538239538,16.30952380952381,29.4024531024531,76.54657287157288,111.33943001443001,18.33030303030303
15940,"Canton-Massillon, OH",1269,934,335,27.597041847041847,144.54108946608946,170.30299422799422,71.23394660894661,84.38513708513709,104.00418470418471,76.21727994227994,49.93116883116883,2.75,23.359523809523807,67.89227994227994,86.41251803751804,25.3728354978355
15980,"Cape Coral-Fort Myers, FL",2675,1886,789,46.968650793650795,361.4742063492063,269.46230158730157,163.54325396825396,107.14206349206349,201.13611111111112,135.17738095238096,57.524206349206345,17.86904761904762,24.979761904761904,208.89523809523808,248.4218253968254,43.40595238095238
16020,"Cape Girardeau, MO-IL",273,192,81,7.175,36.7297619047619,24.929761904761904,21.11904761904762,15.273809523809524,18.922619047619047,16.070238095238096,10.831349206349206,0.0,1.0,22.913095238095238,14.717460317460317,2.317857142857143
16180,"Carson City, NV",507,281,226,5.917857142857143,72.8702380952381,51.88809523809524,17.520238095238096,22.377380952380953,15.363095238095237,17.379761904761903,12.842857142857143,2.0,7.25,15.19404761904762,30.470238095238095,9.926190476190476
16220,"Casper, WY",356,221,135,6.671428571428572,36.46666666666667,43.7,21.589285714285715,14.057142857142857,18.17142857142857,13.070238095238095,21.74404761904762,0.6,1.7619047619047619,25.538095238095238,13.888095238095238,3.7416666666666667
16300,"Cedar Rapids, IA",1156,707,449,23.238095238095237,141.15515873015872,124.43849206349206,55.69920634920635,73.76904761904761,52.71230158730159,52.86785714285714,36.46349206349206,1.95,13.681746031746032,56.38174603174603,51.23849206349206,23.40436507936508
16540,"Chambersburg, PA",242,139,103,3.1083333333333334,20.725,24.625,8.008333333333333,10.241666666666667,20.575,11.725,7.016666666666667,0.49999999999999994,0.25,11.741666666666667,17.53333333333333,2.95
16580,"Champaign-Urbana, IL",882,588,294,6.723015873015873,110.56507936507936,82.00555555555556,37.179761904761904,48.532539682539685,58.69603174603174,47.62936507936508,29.017460317460316,4.677777777777778,13.103571428571428,59.18293650793651,72.4984126984127,18.188492063492063
16620,"Charleston, WV",2424,1583,841,34.635714285714286,456.65396825396823,327.5642857142857,63.90555555555555,172.47261904761905,40.24801587301587,48.15277777777778,50.48373015873016,4.0,9.325,245.59920634920636,95.62539682539682,34.333730158730155
16700,"Charleston-North Charleston, SC",5527,3370,2157,67.27662337662338,707.8920995670995,604.4909090909091,208.5504329004329,231.5754329004329,179.86709956709956,221.08095238095237,90.29329004329004,22.758333333333333,57.08614718614719,537.040909090909,384.2587662337662,57.82900432900433
16740,"Charlotte-Concord-Gastonia, NC-SC",12365,7507,4858,241.02031024531024,1260.6647546897548,1860.5588023088023,505.6012626262626,614.700468975469,444.4449134199134,478.34451659451656,170.96829004329004,98.445670995671,255.1258658008658,501.1627344877345,880.9576118326119,195.00479797979798
16820,"Charlottesville, VA",1971,905,1066,24.257936507936506,168.9031746031746,201.8031746031746,70.2579365079365,43.39365079365079,72.5531746031746,68.75079365079365,44.55,9.083333333333334,30.659523809523808,73.86746031746031,79.37698412698413,17.54285714285714
16860,"Chattanooga, TN-GA",2327,1674,653,58.98532856032856,324.66826506826504,283.2222333222333,155.48846708846708,144.5281857031857,124.35834443334443,112.16866189366189,75.07143967143968,18.475732600732602,33.18648296148296,148.99643967143967,153.14921744921745,41.701201576201576
16940,"Cheyenne, WY",957,525,432,17.592496392496393,114.66356421356421,105.01356421356421,36.82388167388167,35.36832611832612,34.60165945165945,29.22308802308802,34.69650072150072,2.6,5.590909090909091,52.5492784992785,40.39570707070707,15.881024531024531
16980,"Chicago-Naperville-Elgin, IL-IN",85391,55818,29573,1556.4075147075148,11862.802788877789,13123.62263014763,2451.5833444333443,4046.0107253857254,2686.77263014763,2673.8011655011655,2330.780819180819,682.123026973027,2720.354736929737,4188.280963480964,5701.918265068265,1793.541389166389
17020,"Chico, CA",478,332,146,10.892857142857142,57.40238095238095,39.16904761904762,48.042857142857144,32.80238095238095,34.05238095238095,26.192857142857143,18.5,1.4761904761904763,3.1166666666666667,24.526190476190475,29.95952380952381,5.866666666666666
17140,"Cincinnati, OH-KY-IN",13092,9176,3916,313.1724136974137,1711.2497946497947,1824.8505883005882,673.4482073482073,768.5986041736041,665.3315406815407,535.0279692529692,402.2806027306027,91.43897213897213,357.6690226440226,727.6093184593185,794.5359057609057,310.7870601620602
17300,"Clarksville, TN-KY",630,447,183,12.079365079365079,88.0734126984127,40.79960317460317,68.9063492063492,25.361507936507937,33.961507936507935,58.801984126984124,25.95515873015873,2.426190476190476,2.8206349206349204,51.94325396825397,30.721825396825395,5.14920634920635
17410,"Cleveland, OH",17741,12370,5371,351.39274614274615,2339.903857253857,2617.3669524919524,816.338381063381,1082.4784604284605,831.0026667776667,558.215762015762,581.7111804861805,128.97110112110113,534.0454517704518,1125.1967143967145,990.1578255078255,413.21890054390053
17420,"Cleveland, TN",197,134,63,4.80515873015873,20.49047619047619,15.188095238095238,17.522222222222222,8.53531746031746,12.407142857142857,13.540476190476191,10.15079365079365,1.2777777777777777,1.0595238095238095,15.821031746031746,11.113095238095237,2.088888888888889
17660,"Coeur d'Alene, ID",534,357,177,10.942135642135643,67.41832611832612,48.675468975468974,31.68380230880231,20.410786435786434,33.89213564213564,32.38816738816739,24.754040404040403,0.125,6.3845238095238095,29.192135642135643,43.78499278499278,7.348484848484849
17780,"College Station-Bryan, TX",653,501,152,9.14606782106782,72.4222582972583,80.53654401154401,77.3333694083694,19.21154401154401,49.36630591630592,44.36749639249639,12.66984126984127,7.1829725829725835,14.622655122655122,47.60003607503607,58.80638528138528,7.734523809523809
17820,"Colorado Springs, CO",2603,1516,1087,35.01468253968254,247.68849206349205,234.8956349206349,193.61388888888888,87.52857142857142,123.25238095238095,188.59563492063492,75.73690476190477,14.825,32.833333333333336,129.4670634920635,119.50158730158729,33.0468253968254
17860,"Columbia, MO",897,599,298,20.256349206349206,129.28531746031746,80.67579365079365,74.64246031746032,45.52579365079365,50.78650793650794,55.95674603174603,26.136904761904763,4.25,6.10515873015873,55.801984126984124,35.99126984126984,13.585714285714285
17900,"Columbia, SC",5545,3189,2356,126.10043290043289,779.102417027417,540.9655122655123,227.65717893217894,281.6488455988456,154.87741702741704,210.75321067821068,85.90162337662338,14.891666666666666,29.817063492063493,336.87940115440114,339.9595598845599,60.445670995670994
17980,"Columbus, GA-AL",856,631,225,16.905158730158732,125.05436507936508,83.1781746031746,55.75079365079365,44.60079365079365,46.521031746031746,56.361507936507934,26.924603174603174,9.833333333333334,8.883333333333333,90.33373015873016,53.85912698412698,12.79404761904762
18020,"Columbus, IN",247,161,86,2.2928571428571427,26.69047619047619,31.323809523809523,12.045238095238096,8.023809523809524,19.961904761904762,19.107142857142858,8.411904761904761,0.16666666666666666,3.95,13.10952380952381,14.157142857142857,1.7595238095238095
18140,"Columbus, OH",15189,11059,4130,313.05169552669554,2348.092171717172,2389.056060606061,846.277886002886,1024.3755050505051,649.184632034632,622.6219336219336,472.03737373737374,156.42662337662338,211.14054834054835,717.2607864357864,854.5830447330447,454.89173881673884
18580,"Corpus Christi, TX",1379,1120,259,32.27344877344877,204.10717893217893,164.23376623376623,157.00559163059162,56.613095238095234,82.36194083694083,91.31511544011543,21.528210678210677,15.291305916305916,7.298015873015873,188.25797258297257,80.08455988455988,19.62979797979798
18700,"Corvallis, OR",251,142,109,1.3333333333333333,19.233333333333334,22.35,18.2,6.416666666666666,17.483333333333334,18.15,8.2,1.0833333333333333,6.116666666666667,7.666666666666666,13.35,2.4166666666666665
18880,"Crestview-Fort Walton Beach-Destin, FL",967,682,285,22.419444444444444,124.36111111111111,119.5063492063492,61.17301587301587,29.007936507936506,65.84920634920636,50.30396825396826,32.79047619047619,6.25,8.325,51.84047619047619,101.06111111111112,9.111904761904762
19100,"Dallas-Fort Worth-Arlington, TX",42226,33868,8358,1178.5424048174048,5616.684107559107,8726.942837717837,2563.4764957264956,1893.2102258852258,1959.7384726384726,2076.7923687423686,636.6166833166833,642.7659618159618,1610.9031912531912,2502.882484182484,3324.0784798534796,1135.3662864912865
19140,"Dalton, GA",333,261,72,4.866666666666666,51.62619047619047,29.80952380952381,31.09285714285714,21.909523809523808,19.966666666666665,32.92619047619048,12.033333333333333,2.7,1.6166666666666667,30.001190476190477,18.909523809523808,3.5416666666666665
19300,"Daphne-Fairhope-Foley, AL",810,478,332,16.71230158730159,93.7813492063492,60.69801587301587,53.307539682539684,23.01111111111111,41.84920634920635,43.189682539682536,19.41190476190476,4.1345238095238095,4.934523809523809,58.14801587301587,53.5218253968254,5.3
19340,"Davenport-Moline-Rock Island, IA-IL",1364,864,500,22.5515873015873,145.63730158730158,132.66944444444445,69.3952380952381,78.71944444444445,95.5813492063492,59.268253968253966,45.400396825396825,3.533333333333333,29.40714285714286,80.3813492063492,82.53253968253968,18.922619047619047
19430,"Dayton-Kettering-Beavercreek, OH",3415,2405,1010,80.67146464646464,424.75479797979796,429.0678932178932,251.10321067821067,183.50598845598844,197.1786075036075,194.1051948051948,114.65955988455988,15.351190476190476,81.99920634920635,195.39170274170274,169.49765512265512,67.71352813852813
19460,"Decatur, AL",279,156,123,8.369047619047619,26.470238095238095,20.05595238095238,15.291666666666666,7.946428571428571,16.553571428571427,17.770238095238096,10.511904761904761,1.7261904761904763,0.39285714285714285,14.008333333333333,14.520238095238096,2.3833333333333333
19500,"Decatur, IL",311,218,93,10.586904761904762,37.66309523809524,39.00119047619047,17.34642857142857,14.983333333333333,23.79642857142857,16.113095238095237,8.50952380952381,0.0,3.283333333333333,20.24642857142857,24.270238095238096,2.2
19660,"Deltona-Daytona Beach-Ormond Beach, FL",1900,1344,556,32.708730158730155,275.03809523809525,173.27142857142857,168.7253968253968,63.9984126984127,118.11190476190475,107.49404761904762,58.099603174603175,23.892857142857142,26.151587301587302,136.08928571428572,136.15873015873015,24.259920634920636
19740,"Denver-Aurora-Centennial, CO",27863,17317,10546,427.40090187590187,3465.4794733044732,4286.399711399711,1126.737012987013,1184.4751082251082,798.3326479076479,1031.850505050505,552.8067821067821,202.60436507936507,674.2171717171717,1227.9874098124099,1881.0468975468975,457.662012987013
19780,"Des Moines-West Des Moines, IA",5295,2790,2505,57.3281746031746,612.7031746031746,527.4353174603175,178.39444444444445,276.4404761904762,181.7079365079365,194.17460317460316,123.76865079365079,19.187301587301587,84.70238095238095,243.58412698412698,219.19722222222222,71.37619047619047
19820,"Detroit-Warren-Dearborn, MI",25457,21277,4180,527.3183538683538,3905.3186063936064,3861.630907980908,1637.4134476634476,1586.8994866244866,1579.4427766677766,1349.0384115884115,1062.3370768120767,348.1484765234765,870.2960234210234,1862.0971778221779,2052.037654012654,635.0216006216007
20020,"Dothan, AL",409,275,134,10.895238095238096,49.078968253968256,28.533730158730158,30.389285714285712,19.04047619047619,21.16706349206349,25.44325396825397,18.65753968253968,3.5095238095238095,0.6666666666666666,42.27896825396825,21.27261904761905,4.066666666666666
20100,"Dover, DE",452,253,199,9.427777777777777,50.53015873015873,40.46349206349206,20.03015873015873,21.763492063492063,12.513492063492063,20.627777777777776,5.794444444444444,0.8611111111111112,4.75,39.30238095238095,22.652380952380952,4.283333333333333
20220,"Dubuque, IA",278,164,114,6.542857142857143,28.81031746031746,23.434126984126983,13.370238095238095,11.657936507936508,14.976984126984126,15.334126984126984,15.668650793650793,0.16666666666666666,2.192857142857143,10.693650793650793,16.036507936507935,5.115079365079365
20260,"Duluth, MN-WI",858,515,343,11.135714285714286,94.96309523809524,80.99642857142857,51.444047619047616,45.30357142857143,47.14404761904762,50.403571428571425,22.154761904761905,0.5,4.819047619047619,46.09880952380952,54.30357142857143,5.733333333333333
20500,"Durham-Chapel Hill, NC",4234,2168,2066,38.85642135642136,396.1718975468975,475.09689754689754,207.69094516594515,137.49289321789323,127.27070707070706,136.88261183261184,65.05638528138527,38.28376623376624,139.9492424242424,185.24570707070706,175.65642135642136,44.3461038961039
20580,"Eagle Pass, TX",74,60,14,0.30952380952380953,7.171825396825397,4.944444444444445,11.921825396825396,1.0595238095238095,1.3051587301587302,7.671825396825397,4.152777777777778,3.328968253968254,0.0,15.338492063492064,1.7956349206349207,1.0
20740,"Eau Claire, WI",460,283,177,15.769047619047619,46.57738095238095,45.76785714285714,29.13452380952381,19.742857142857144,23.867857142857144,21.377380952380953,15.617857142857142,0.3333333333333333,3.1333333333333333,29.277380952380952,27.33452380952381,5.066666666666666
20940,"El Centro, CA",186,120,66,1.9166666666666665,26.116666666666667,12.866666666666667,22.266666666666666,6.683333333333334,8.683333333333334,14.083333333333334,2.4833333333333334,5.583333333333333,1.3333333333333333,6.883333333333333,8.5,2.6
21340,"El Paso, TX",1866,1461,405,34.03455988455988,228.63062770562772,176.8449134199134,285.148088023088,101.40562770562771,90.42662337662337,121.58538961038961,39.83896103896104,99.63856421356421,15.179834054834055,138.20999278499278,97.45165945165945,32.60515873015873
21060,"Elizabethtown, KY",320,188,132,5.959126984126984,34.453968253968256,17.01547619047619,26.734920634920634,7.979761904761904,19.51111111111111,19.090476190476192,14.885714285714286,0.6428571428571428,1.3777777777777778,23.077777777777776,16.11547619047619,1.1555555555555554
21140,"Elkhart-Goshen, IN",436,290,146,10.46547619047619,43.042857142857144,54.73452380952381,24.641666666666666,16.38095238095238,36.95,24.825,14.78452380952381,4.283333333333333,3.695238095238095,18.24047619047619,34.80952380952381,3.1464285714285714
21300,"Elmira, NY",253,158,95,2.7333333333333334,32.259523809523806,18.476190476190474,8.716666666666667,9.242857142857142,14.326190476190476,15.116666666666667,9.2,1.0,3.95,16.25952380952381,22.159523809523808,4.559523809523809
21420,"Enid, OK",218,164,54,6.66075036075036,31.569588744588746,25.418398268398267,15.82113997113997,5.786652236652237,21.51244588744589,18.19339826839827,6.387049062049062,2.3553030303030305,0.9428571428571428,13.177922077922078,11.929112554112555,4.2453823953823955
21500,"Erie, PA",763,554,209,18.406493506493508,107.78863636363636,91.7969696969697,33.03903318903319,43.61800144300144,50.573160173160176,39.73704906204906,13.417207792207792,2.2857142857142856,13.372222222222222,53.821969696969695,64.08030303030303,22.06323953823954
21660,"Eugene-Springfield, OR",1755,1075,680,39.37619047619047,209.52142857142857,174.54642857142858,105.67023809523809,86.11904761904762,91.38690476190476,91.3952380952381,48.86785714285714,9.083333333333334,23.126190476190477,81.36904761904762,93.48690476190475,21.051190476190477
21780,"Evansville, IN",951,685,266,29.110064935064933,130.8187950937951,128.44260461760462,46.84498556998557,54.873556998557,69.30927128427129,58.40569985569986,35.689682539682536,3.65,11.575541125541125,43.91998556998557,64.76760461760462,7.592207792207792
21820,"Fairbanks-College, AK",344,209,135,3.3595238095238096,37.22539682539683,35.551587301587304,25.540873015873014,18.882539682539683,19.40714285714286,20.839285714285715,9.45515873015873,1.1761904761904762,0.9623015873015873,19.113492063492064,13.490873015873015,3.9956349206349207
22020,"Fargo, ND-MN",1023,566,457,17.195238095238096,112.66547619047618,94.05357142857143,59.13928571428571,30.188095238095237,64.88928571428572,52.37261904761905,25.47738095238095,3.75,2.8666666666666667,39.03809523809524,49.463095238095235,14.901190476190475
22140,"Farmington, NM",195,141,54,4.392857142857143,30.823015873015873,13.988492063492064,23.166666666666668,5.860714285714286,10.025,17.13015873015873,10.413492063492063,0.5611111111111111,0.6611111111111112,10.642460317460317,10.261904761904761,3.0730158730158728
22180,"Fayetteville, NC",729,401,328,11.392857142857142,74.81071428571428,35.87738095238095,76.21785714285714,14.53452380952381,22.99404761904762,32.98452380952381,25.117857142857144,4.833333333333333,1.0666666666666667,51.56666666666666,44.61785714285714,4.985714285714286
22220,"Fayetteville-Springdale-Rogers, AR",2726,1469,1257,47.84336219336219,265.78145743145745,277.0624098124098,136.2965367965368,94.97669552669552,110.48026695526696,110.89574314574314,60.18899711399711,27.512301587301586,32.26038961038961,150.10566378066378,113.14693362193363,42.44924242424242
22380,"Flagstaff, AZ",428,332,96,7.258333333333333,69.58293650793651,49.08293650793651,79.97460317460317,12.988888888888889,25.06626984126984,28.716269841269842,4.538888888888889,3.333333333333333,8.775,15.849603174603175,23.549603174603174,3.283333333333333
22420,"Flint, MI",903,765,138,23.943073593073592,131.62878787878788,89.88593073593073,95.24664502164502,61.557359307359306,94.72085137085136,66.90974025974026,45.48452380952381,4.858333333333333,11.361327561327561,64.1621212121212,62.714502164502164,12.526803751803753
22500,"Florence, SC",456,273,183,4.066666666666666,50.09285714285714,30.50952380952381,33.35,23.9,16.692857142857143,27.942857142857143,6.8428571428571425,0.45,2.2,48.142857142857146,27.109523809523807,1.7
22520,"Florence-Muscle Shoals, AL",389,244,145,6.749206349206349,51.84007936507936,29.036507936507935,21.490873015873014,17.83293650793651,23.578968253968252,22.196031746031746,17.6484126984127,0.5,1.4801587301587302,36.5234126984127,11.923412698412697,3.1999999999999997
22540,"Fond du Lac, WI",154,98,56,4.516666666666667,17.416666666666668,11.908333333333333,7.041666666666666,4.2749999999999995,12.633333333333333,12.283333333333333,5.991666666666666,0.0,3.1666666666666665,8.908333333333333,8.533333333333333,1.325
22660,"Fort Collins-Loveland, CO",1323,860,463,20.547619047619047,151.05357142857142,147.63571428571427,81.43571428571428,38.27222222222222,76.45277777777778,91.15833333333333,31.65357142857143,7.2785714285714285,37.74523809523809,63.06309523809524,97.47738095238095,16.226190476190474
22900,"Fort Smith, AR-OK",895,500,395,16.698051948051948,98.95479797979797,81.67146464646464,46.997655122655125,38.11432178932179,37.069083694083695,42.40241702741703,25.969083694083693,3.1,3.3333333333333335,63.542893217893216,31.99765512265512,10.149242424242424
23060,"Fort Wayne, IN",1859,1359,500,49.458333333333336,285.2865079365079,238.11031746031745,88.15119047619048,88.63055555555556,155.69126984126984,122.6126984126984,50.11349206349206,5.473015873015873,32.9,98.73730158730159,119.02222222222223,24.813095238095237
23420,"Fresno, CA",2886,2075,811,56.32705627705628,404.2234848484848,278.48538961038963,292.416341991342,341.1060245310245,112.85443722943722,125.65800865800865,74.49047619047619,27.53333333333333,25.559992784992783,155.65681818181818,154.02348484848486,26.665151515151514
23460,"Gadsden, AL",228,141,87,6.326623376623377,27.868290043290042,14.468290043290043,12.449242424242424,10.609956709956709,10.458766233766234,19.908766233766233,9.299999999999999,2.375,0.6742424242424243,16.668290043290042,8.83495670995671,1.0575757575757576
23540,"Gainesville, FL",1691,1133,558,19.41771284271284,218.50382395382394,166.55382395382395,119.85378787878788,52.47049062049062,111.24787157287157,89.06410533910534,48.566378066378064,10.824675324675324,33.99545454545454,117.77839105339105,111.79549062049063,32.927994227994226
23580,"Gainesville, GA",627,478,149,18.151190476190475,84.7797619047619,62.23690476190476,54.97857142857143,24.116666666666667,36.11309523809524,70.54523809523809,15.29404761904762,3.7916666666666665,7.876190476190476,45.477380952380955,46.661904761904765,7.977380952380952
23900,"Gettysburg, PA",326,154,172,5.744047619047619,25.277380952380952,26.970238095238095,12.744047619047619,12.467857142857142,11.770238095238096,15.553571428571429,5.933333333333334,0.0,2.4166666666666665,16.93452380952381,15.211904761904762,2.9761904761904763
24020,"Glens Falls, NY",380,244,136,6.852380952380952,42.91428571428571,41.19761904761905,17.242857142857144,7.902380952380952,26.497619047619047,22.195238095238096,12.461904761904762,0.0,2.3857142857142857,15.752380952380951,45.44761904761905,3.15
24140,"Goldsboro, NC",148,73,75,1.7095238095238094,11.142857142857142,6.3428571428571425,14.216666666666667,5.242857142857143,6.109523809523809,7.566666666666666,6.326190476190476,0.0,0.0,8.25952380952381,5.55,0.5333333333333333
24220,"Grand Forks, ND-MN",430,209,221,5.626190476190476,39.01785714285714,29.067857142857143,23.991666666666667,6.891666666666667,19.43452380952381,28.426190476190477,11.8,4.125,1.1666666666666665,16.41785714285714,18.651190476190475,4.383333333333334
24260,"Grand Island, NE",253,207,46,5.596031746031746,32.982142857142854,24.46309523809524,47.720238095238095,10.304365079365079,23.491666666666667,21.976190476190474,6.843650793650793,1.6428571428571428,1.4583333333333333,7.978174603174603,19.767857142857142,2.7753968253968253
24300,"Grand Junction, CO",544,351,193,6.6119047619047615,66.97261904761905,57.58095238095238,41.80357142857143,29.025,29.929761904761904,31.289285714285715,14.579761904761904,3.9166666666666665,3.3666666666666667,23.92738095238095,38.496428571428574,3.5
24340,"Grand Rapids-Wyoming-Kentwood, MI",4340,3724,616,85.52882395382396,693.1657287157287,771.8986652236653,324.0752525252525,287.29866522366524,310.5522366522367,286.7816017316017,141.23863636363637,40.30955988455988,120.10090187590187,209.1446608946609,343.4978715728716,110.40739538239538
24420,"Grants Pass, OR",153,86,67,2.325,11.174999999999999,10.425,18.075,3.15,11.525,8.908333333333333,5.575,0.0,1.4166666666666667,1.9,9.525,2.0
24500,"Great Falls, MT",360,249,111,9.103571428571428,54.44285714285714,39.542857142857144,15.64047619047619,20.757142857142856,18.98095238095238,9.854761904761904,7.03452380952381,0.6666666666666666,0.6666666666666666,43.33571428571428,24.21904761904762,4.754761904761905
24540,"Greeley, CO",606,309,297,6.261904761904762,47.753571428571426,57.2297619047619,43.56309523809524,14.742857142857142,22.49404761904762,35.963095238095235,15.617857142857142,2.5833333333333335,7.0,14.936904761904762,34.60357142857143,6.25
24580,"Green Bay, WI",756,488,268,16.061652236652236,87.08308080808081,84.08069985569985,44.861255411255414,27.03546176046176,43.290223665223664,49.69736652236652,32.124350649350646,6.5,4.36482683982684,39.383080808080805,42.31522366522366,11.202777777777778
24660,"Greensboro-High Point, NC",2714,1836,878,65.96111111111111,344.11349206349206,346.33968253968254,165.03214285714284,131.83015873015873,131.53730158730158,159.1861111111111,49.65396825396825,22.390079365079366,47.569047619047616,151.7718253968254,161.56944444444443,59.04563492063492
24780,"Greenville, NC",476,291,185,6.733333333333333,57.647619047619045,31.404761904761905,43.74761904761905,15.286904761904761,20.247619047619047,27.197619047619046,5.491666666666667,4.233333333333333,3.269047619047619,45.97857142857143,25.16190476190476,4.6
24860,"Greenville-Anderson-Greer, SC",3421,2138,1283,40.48293650793651,421.61626984126985,397.7865079365079,163.11190476190475,211.30555555555554,128.75674603174602,144.06944444444446,44.40753968253968,22.05,77.14682539682539,206.61944444444444,238.36150793650793,42.28531746031746
25060,"Gulfport-Biloxi, MS",1678,1030,648,29.28333333333333,216.1813492063492,143.63492063492063,76.35992063492063,78.33611111111111,68.76190476190476,78.04920634920634,47.30119047619048,4.119047619047619,8.356746031746031,172.42619047619047,95.53730158730158,11.652777777777779
25180,"Hagerstown-Martinsburg, MD-WV",590,380,210,10.584523809523809,81.0813492063492,48.281349206349205,45.59285714285714,16.762301587301586,30.071825396825396,32.18015873015873,20.94404761904762,3.0944444444444446,3.0873015873015874,35.95515873015873,43.70515873015873,8.65952380952381
25220,"Hammond, LA",322,182,140,8.40952380952381,33.63928571428571,18.189285714285713,14.408333333333333,5.946428571428571,17.25595238095238,22.172619047619047,8.45,0.5833333333333333,0.95,36.43928571428572,13.855952380952381,1.7
25260,"Hanford-Corcoran, CA",125,76,49,1.703968253968254,10.639321789321789,12.33932178932179,12.113131313131314,9.72979797979798,5.93932178932179,9.58932178932179,4.427777777777778,1.290909090909091,0.09090909090909091,2.6726551226551227,5.3726551226551225,0.09090909090909091
25420,"Harrisburg-Carlisle, PA",4552,2537,2015,63.47662337662337,601.5373376623377,561.545670995671,156.97582972582973,243.53813131313132,156.14209956709956,169.65162337662338,85.02940115440116,12.15952380952381,40.60436507936508,164.20757575757577,214.50876623376624,67.62305194805195
25500,"Harrisonburg, VA",365,246,119,6.852453102453103,42.66435786435786,39.814357864357866,26.264357864357866,13.581818181818182,24.347691197691198,24.27705627705628,12.353968253968254,4.7023809523809526,3.9318181818181817,17.178643578643577,24.33816738816739,5.692929292929293
25620,"Hattiesburg, MS",611,385,226,11.108766233766234,93.35638528138529,51.8051948051948,23.02186147186147,24.901623376623377,31.26233766233766,32.61352813852814,27.40400432900433,1.85,2.6504329004329006,51.380194805194805,26.70995670995671,6.935714285714286
25740,"Helena, MT",887,515,372,8.33968253968254,127.5123015873016,109.6218253968254,33.86309523809524,48.69087301587302,25.751190476190477,25.66547619047619,12.444444444444445,4.5,5.83015873015873,45.024206349206345,53.33611111111111,14.420634920634921
25860,"Hickory-Lenoir-Morganton, NC",589,362,227,7.07063492063492,54.84722222222222,46.00674603174603,52.771031746031746,16.626984126984127,41.8484126984127,36.236111111111114,17.207539682539682,0.125,9.366666666666667,29.584126984126982,43.75555555555555,6.553968253968254
25940,"Hilton Head Island-Bluffton-Port Royal, SC",1076,664,412,19.064285714285713,120.53809523809524,119.62380952380953,36.89642857142857,36.27142857142857,56.28095238095238,44.03452380952381,30.59642857142857,7.076190476190476,13.233333333333333,61.51309523809524,100.50952380952381,18.36190476190476
25980,"Hinesville, GA",142,81,61,0.7083333333333333,11.517857142857142,9.958333333333334,14.492857142857144,2.0428571428571427,4.559523809523809,11.025,7.310714285714286,0.9333333333333333,0.0,10.317857142857143,8.133333333333333,0.0
26140,"Homosassa Springs, FL",224,139,85,5.579004329004329,22.326623376623377,13.176623376623377,18.36948051948052,3.6194805194805193,17.633766233766234,16.486147186147186,7.4218614718614715,1.8333333333333333,2.5,10.074242424242424,16.309956709956708,3.669480519480519
26300,"Hot Springs, AR",354,197,157,13.061904761904762,29.15595238095238,27.329761904761906,14.560714285714285,9.628571428571428,25.422619047619047,22.28690476190476,11.036904761904761,0.8333333333333333,2.1666666666666665,21.92738095238095,16.629761904761907,2.9595238095238097
26380,"Houma-Bayou Cane-Thibodaux, LA",467,253,214,3.5761904761904764,60.304761904761904,26.17142857142857,20.04285714285714,9.642857142857142,22.271428571428572,24.57857142857143,17.445238095238096,0.0,1.1666666666666665,53.92142857142857,13.428571428571429,0.45
26420,"Houston-Pasadena-The Woodlands, TX",43623,34842,8781,916.1582334332335,5693.751162726163,9940.538464313464,2459.29907037407,1867.1991064491065,1835.6172882672884,1893.6764513264513,628.4245754245754,891.3610112110111,1500.2476995226996,3043.766566766567,2948.0658452658454,1223.8945249195249
26580,"Huntington-Ashland, WV-KY-OH",1127,716,411,24.715811965811966,166.46541514041513,100.05866910866911,61.98128815628816,59.554700854700855,44.44993894993895,53.11541514041514,25.87652625152625,2.66978021978022,1.6935897435897436,106.32136752136752,55.26660561660562,13.830891330891331
26620,"Huntsville, AL",1684,1064,620,40.63535353535354,189.56789321789321,180.10122655122655,102.05955988455989,86.29765512265512,69.12503607503608,94.84249639249639,52.75440115440115,5.70952380952381,31.788095238095238,100.92146464646464,91.23932178932179,18.957972582972584
26820,"Idaho Falls, ID",407,269,138,10.856349206349206,49.75873015873016,46.7515873015873,20.919047619047618,17.24206349206349,17.375396825396827,24.115873015873014,20.304761904761904,1.8166666666666667,6.066666666666666,25.099206349206348,23.632539682539683,5.061111111111111
26900,"Indianapolis-Carmel-Greenwood, IN",14220,9476,4744,311.6038961038961,2045.029329004329,2079.379329004329,530.2860389610389,593.7094877344878,644.9483766233766,596.5535353535354,489.2922438672439,56.44015151515151,371.76100288600287,652.165404040404,812.3063131313131,292.5248917748918
26980,"Iowa City, IA",709,362,347,6.041666666666667,60.345238095238095,58.90079365079365,37.05238095238095,18.526190476190475,35.14523809523809,32.010714285714286,26.724603174603175,5.816666666666666,4.976190476190476,25.590079365079365,32.92857142857143,17.941666666666666
27060,"Ithaca, NY",657,370,287,8.515512265512266,68.97305194805195,63.880194805194805,33.08019480519481,22.508766233766234,35.97781385281385,31.106385281385283,17.718650793650795,9.75,15.333766233766234,12.591702741702742,44.128607503607505,6.435353535353535
27100,"Jackson, MI",357,292,65,5.9714285714285715,43.8734126984127,59.21507936507936,36.04484126984127,16.65793650793651,30.353968253968254,25.54722222222222,16.83293650793651,0.6666666666666666,5.397222222222222,12.667063492063491,29.59722222222222,9.175
27140,"Jackson, MS",5517,3387,2130,121.46172438672438,771.0708513708514,677.0363275613275,164.739898989899,253.64386724386725,143.8351370851371,184.27878787878788,140.8021645021645,12.513492063492063,37.5004329004329,533.4565656565657,266.78751803751805,79.87323232323232
27180,"Jackson, TN",562,404,158,12.766666666666666,91.16309523809524,47.65238095238095,50.275,36.56547619047619,35.63174603174603,33.08293650793651,20.373809523809523,1.9607142857142859,2.075396825396825,45.57380952380952,24.49047619047619,2.3884920634920634
27260,"Jacksonville, FL",8005,5909,2096,176.71423576423575,1193.0348706848706,1022.7860611610612,439.7150294150294,322.73288655788656,447.52971195471196,407.3797119547119,212.8737234987235,58.926898101898104,100.83007270507271,685.2654262404262,659.6503468753468,181.5610250860251
27340,"Jacksonville, NC",291,160,131,3.9166666666666665,22.12857142857143,11.50952380952381,38.32857142857143,5.442857142857143,8.295238095238096,25.011904761904763,12.485714285714286,1.3333333333333333,3.5,13.711904761904762,13.635714285714286,0.7
27500,"Janesville-Beloit, WI",415,249,166,10.285714285714285,38.09761904761905,38.44761904761905,23.82857142857143,9.645238095238096,22.104761904761904,30.87142857142857,20.142857142857142,2.0,2.533333333333333,21.064285714285713,23.195238095238096,6.783333333333333
27620,"Jefferson City, MO",927,576,351,9.871103896103897,153.7068181818182,111.62665945165945,48.18896103896104,45.587770562770565,45.42348484848485,44.93419913419913,18.14808802308802,0.9166666666666666,3.1166666666666667,39.76158008658009,37.580627705627705,17.137373737373736
27740,"Johnson City, TN",524,373,151,13.768650793650794,66.62857142857143,45.31547619047619,45.22103174603175,24.992460317460317,39.32857142857143,33.102777777777774,22.709126984126986,3.315079365079365,8.346825396825396,36.11507936507937,27.866666666666667,6.2896825396825395
27780,"Johnstown, PA",252,135,117,5.633333333333333,21.70793650793651,17.891269841269843,8.50952380952381,9.865079365079366,14.64126984126984,18.107936507936508,11.172222222222222,0.6428571428571428,1.5095238095238095,9.822222222222223,14.881746031746031,0.6150793650793651
27860,"Jonesboro, AR",435,281,154,12.314285714285713,46.614285714285714,39.19642857142857,19.561904761904763,12.829761904761904,26.78095238095238,31.8,19.642857142857142,0.6011904761904762,0.0,40.74761904761905,24.74642857142857,6.164285714285714
27900,"Joplin, MO-KS",520,367,153,18.31904761904762,62.55436507936508,46.230555555555554,40.39484126984127,28.418650793650794,32.84007936507936,38.88611111111111,13.34920634920635,0.9027777777777777,4.7,50.63095238095238,22.473412698412698,7.3
27980,"Kahului-Wailuku, HI",526,297,229,4.916666666666667,55.728968253968254,45.92896825396825,43.101190476190474,9.028968253968253,20.40277777777778,26.50952380952381,13.936111111111112,5.183333333333334,5.177777777777778,31.69563492063492,30.87063492063492,4.519444444444444
28020,"Kalamazoo-Portage, MI",1211,1048,163,18.88975468975469,189.22943722943722,195.5568181818182,98.87388167388167,72.99729437229438,97.02705627705627,91.2211038961039,39.9313492063492,13.710714285714285,59.259199134199136,53.08181818181818,90.80205627705628,27.419516594516594
28100,"Kankakee, IL",155,105,50,5.269047619047619,14.445238095238095,13.319047619047618,15.520238095238096,2.144047619047619,9.834523809523809,13.32857142857143,8.191666666666666,0.43333333333333335,0.0,7.935714285714286,14.178571428571429,0.4
28140,"Kansas City, MO-KS",14988,10305,4683,314.35768398268397,2116.7513347763347,2268.0501443001444,667.3910173160173,890.7053030303031,611.2489538239538,551.1084776334776,356.7381313131313,61.57582972582973,270.00209235209235,1072.1501082251082,845.8005411255411,279.12038239538236
28420,"Kennewick-Richland, WA",613,501,112,8.857539682539683,75.97222222222221,63.105555555555554,78.91230158730158,26.136507936507936,37.85198412698413,34.471825396825395,44.699603174603176,11.094444444444445,8.326190476190476,47.12182539682539,57.76984126984127,6.68015873015873
28450,"Kenosha, WI",328,193,135,8.483333333333333,31.32857142857143,23.961904761904762,22.835714285714285,7.626190476190476,16.978571428571428,27.652380952380952,14.376190476190477,1.45,1.0833333333333333,18.61190476190476,16.82857142857143,1.7833333333333332
28660,"Killeen-Temple, TX",680,490,190,13.77027417027417,73.59924242424242,56.93575036075036,98.38694083694084,19.669877344877346,38.927813852813856,72.24329004329005,25.13888888888889,2.892857142857143,5.9004329004329,36.700036075036074,38.27186147186147,7.562734487734487
28700,"Kingsport-Bristol, TN-VA",992,696,296,30.826984126984126,135.90992063492064,108.91825396825396,68.87857142857143,60.58849206349206,63.12222222222222,47.76309523809524,25.180555555555554,3.168253968253968,22.23253968253968,65.51507936507936,50.85912698412698,13.036904761904761
28740,"Kingston, NY",725,423,302,4.934920634920635,67.51944444444445,61.1265873015873,43.94761904761905,31.356349206349208,34.93373015873016,41.662301587301585,18.169047619047618,2.611111111111111,8.959523809523809,37.89087301587301,65.46230158730158,4.4261904761904765
28880,"Kiryas Joel-Poughkeepsie-Newburgh, NY",2700,1685,1015,41.38611111111111,310.39285714285717,260.1583333333333,157.0611111111111,68.3281746031746,152.66031746031746,135.82420634920635,55.932539682539684,11.716269841269842,27.352777777777778,187.78015873015872,247.28571428571428,29.12142857142857
28940,"Knoxville, TN",4455,3158,1297,90.99006549006549,623.6674825174825,551.5488317238318,315.1734348984349,254.82859362859364,240.9825258075258,228.06109723609723,136.2920856920857,30.23288655788656,78.54363691863692,285.23811743811746,251.64565712065712,70.79558497058497
29020,"Kokomo, IN",134,90,44,4.491666666666666,10.891666666666666,7.675,13.55,1.9916666666666667,13.2,11.075,6.675,0.0,2.3333333333333335,10.025,7.591666666666667,0.5
29100,"La Crosse-Onalaska, WI-MN",508,316,192,10.70638528138528,56.157575757575756,44.57424242424242,30.702813852813854,21.67900432900433,32.08257575757576,33.670670995670996,22.417099567099566,0.25,4.55995670995671,25.297619047619047,26.042099567099566,7.85995670995671
29180,"Lafayette, LA",2503,1615,888,33.95595238095238,368.1011904761905,312.41190476190474,79.19404761904762,102.22023809523809,86.09880952380952,89.01904761904761,75.5904761904762,8.4,23.978571428571428,301.20714285714286,112.43809523809524,22.38452380952381
29200,"Lafayette-West Lafayette, IN",749,516,233,28.101190476190474,84.18333333333334,66.65595238095239,48.666666666666664,20.314285714285713,64.075,48.18452380952381,28.24642857142857,0.9761904761904762,15.983333333333333,37.903571428571425,58.797619047619044,13.911904761904761
29340,"Lake Charles, LA",887,597,290,14.207936507936507,110.18412698412698,85.97698412698412,44.74444444444445,30.623015873015873,41.067460317460316,51.17777777777778,27.86190476190476,3.25,0.45396825396825397,124.22698412698412,50.13174603174603,13.093650793650793
29420,"Lake Havasu City-Kingman, AZ",264,197,67,4.775,34.260714285714286,15.760714285714286,65.0345238095238,4.25,17.044047619047618,21.027380952380952,3.992857142857143,0.7333333333333334,0.0,14.660714285714286,14.460714285714285,1.0
29460,"Lakeland-Winter Haven, FL",1362,981,381,17.618253968253967,189.68253968253967,129.18968253968254,113.08055555555555,60.78809523809524,92.74325396825397,80.8515873015873,39.762301587301586,6.170634920634921,5.844444444444444,116.6626984126984,111.62539682539682,16.980555555555554
29540,"Lancaster, PA",1285,837,448,18.79047619047619,157.6690476190476,155.01904761904763,58.2297619047619,85.6047619047619,72.13571428571429,75.37619047619047,30.733333333333334,8.15,16.826190476190476,60.804761904761904,76.54404761904762,21.116666666666667
29620,"Lansing-East Lansing, MI",3710,2997,713,50.3794733044733,647.402886002886,594.1925685425686,286.8826479076479,243.82626262626263,247.59455266955266,222.1731240981241,152.60999278499278,23.54047619047619,53.551659451659454,136.1572510822511,236.4497113997114,102.23939393939393
29700,"Laredo, TX",448,350,98,6.33015873015873,51.345238095238095,51.62896825396825,78.56349206349206,17.442460317460316,25.031349206349205,31.448015873015873,5.170634920634921,16.9484126984127,1.2916666666666665,25.8,34.02896825396825,4.970634920634921
29740,"Las Cruces, NM",619,441,178,6.39920634920635,89.41111111111111,42.47063492063492,89.98134920634921,21.548015873015874,22.586904761904762,40.24761904761905,25.823015873015873,11.386111111111111,3.1857142857142855,38.38253968253968,39.66587301587302,9.911904761904761
29820,"Las Vegas-Henderson-North Las Vegas, NV",9413,6273,3140,222.85804473304472,1363.9810606060605,1176.0001082251083,442.4028499278499,332.1747113997114,315.1512987012987,345.65721500721503,140.46829004329004,99.36114718614718,153.11756854256853,909.9334415584416,649.7429653679653,122.1512987012987
29940,"Lawrence, KS",690,416,274,17.78982683982684,88.50054112554112,60.217207792207795,48.41904761904762,23.90768398268398,38.85054112554113,42.33149350649351,21.116017316017317,2.8666666666666667,6.7303030303030305,19.90768398268398,35.091017316017314,10.271969696969697
30020,"Lawton, OK",249,159,90,6.534126984126984,23.439285714285713,18.03214285714286,21.08015873015873,8.556746031746032,19.998809523809523,15.937698412698412,10.542857142857143,2.2178571428571425,1.35,13.019841269841269,12.451984126984126,5.838492063492064
30140,"Lebanon, PA",208,121,87,3.7333333333333334,20.97063492063492,16.937301587301587,12.320634920634921,6.736111111111111,12.62063492063492,17.27063492063492,6.161111111111111,0.4,1.95,10.412301587301586,10.828968253968254,0.6583333333333333
30300,"Lewiston, ID-WA",193,127,66,4.313492063492063,21.177777777777777,12.227777777777778,16.99206349206349,5.885714285714286,14.501587301587302,10.68095238095238,13.52142857142857,0.0,1.1111111111111112,8.115873015873015,15.382539682539683,3.08968253968254
30340,"Lewiston-Auburn, ME",354,225,129,8.558333333333334,39.86071428571429,28.517857142857142,15.176190476190476,14.460714285714285,14.610714285714286,22.88452380952381,5.9261904761904765,1.5,5.633333333333333,47.509523809523806,16.44404761904762,3.9178571428571427
30500,"Lexington Park, MD",450,289,161,3.982142857142857,49.08690476190476,37.61071428571429,44.39285714285714,11.28452380952381,24.49404761904762,37.10357142857143,24.425,3.025,4.376190476190477,15.320238095238095,31.51309523809524,2.3857142857142857
30460,"Lexington-Fayette, KY",4405,3030,1375,119.36624486624487,737.8904512154512,535.8329115329116,234.24070374070374,273.42537185037185,212.02100677100677,168.8309274059274,100.87010489510489,24.78503996003996,39.605278055278056,288.8443473193473,223.53449883449883,70.75311355311355
30620,"Lima, OH",306,237,69,7.31984126984127,32.617063492063494,29.456349206349206,34.64563492063492,10.259920634920634,29.47063492063492,27.08373015873016,13.957142857142857,0.5333333333333333,3.2,23.294444444444444,17.99563492063492,7.166269841269841
30700,"Lincoln, NE",2103,1688,415,31.01388888888889,415.63773448773446,283.461544011544,194.8988455988456,142.84924242424242,133.09329004329004,104.1599567099567,48.124242424242425,36.47186147186147,32.198448773448774,85.91948051948052,129.20281385281385,50.968650793650795
30780,"Little Rock-North Little Rock-Conway, AR",5613,2923,2690,109.38852813852813,628.7817821067821,550.0770202020202,206.1583694083694,215.5036075036075,207.1913059163059,206.58654401154402,128.1782106782107,19.96785714285714,33.135714285714286,330.55281385281387,196.96154401154402,90.51670274170274
30860,"Logan, UT-ID",245,135,110,3.7194444444444446,21.96230158730159,24.912301587301588,9.334523809523809,5.776190476190476,16.078968253968252,12.720634920634922,9.002777777777778,0.825,6.45,9.628968253968253,12.627777777777778,1.961111111111111
30980,"Longview, TX",691,557,134,14.786544011544011,86.87027417027417,92.11948051948052,59.96630591630591,19.402813852813853,56.02900432900433,58.42146464646464,13.451984126984128,4.954401154401154,24.688924963924965,75.99646464646464,40.6254329004329,9.686904761904762
31020,"Longview-Kelso, WA",184,155,29,4.680952380952381,23.629761904761903,15.11547619047619,30.617857142857144,5.561904761904762,12.289285714285715,15.567857142857143,12.255952380952381,0.3333333333333333,0.75,6.964285714285714,24.69047619047619,2.5428571428571427
31080,"Los Angeles-Long Beach-Anaheim, CA",106061,75517,30544,1613.8438172938172,15681.555758130758,16991.497821622823,3957.1434204684206,8600.500202575202,2997.849805749806,3100.658066933067,2641.4513209013207,1343.6219197469197,4680.488586413587,5435.770837495837,6689.100202575202,1783.5182400932401
31140,"Louisville/Jefferson County, KY-IN",8380,5919,2461,197.40172882672883,1284.4676379176378,1035.9894633144634,430.6520174270174,483.1450188700189,460.94025696525694,381.99938394938397,217.46796259296258,57.352702852702855,108.91861194361194,635.740256965257,485.23787601287603,139.68708236208235
31180,"Lubbock, TX",1225,969,256,35.832142857142856,160.9111111111111,148.58333333333334,142.84801587301587,41.86031746031746,99.79047619047618,95.26547619047619,21.277380952380952,12.91468253968254,18.998809523809523,87.26468253968254,81.26547619047619,22.188095238095237
31340,"Lynchburg, VA",703,388,315,17.659523809523808,69.29523809523809,51.58571428571428,38.760714285714286,19.896428571428572,38.0452380952381,41.68571428571428,11.170238095238094,1.542857142857143,6.08452380952381,37.83690476190476,43.96190476190476,10.475
31420,"Macon-Bibb County, GA",1270,1011,259,42.80357142857143,216.87186147186148,107.2551948051948,108.84924242424242,95.28694083694083,76.81670274170274,61.86749639249639,36.17186147186147,5.183766233766233,6.061544011544012,144.04209956709957,92.58852813852813,17.201190476190476
31540,"Madison, WI",5654,3041,2613,58.67420634920635,677.4301587301587,637.1718253968254,186.13492063492063,233.89920634920634,199.27777777777777,198.21944444444443,188.64642857142857,37.43333333333333,140.09166666666667,146.63373015873015,269.24444444444447,68.14285714285714
31700,"Manchester-Nashua, NH",2263,1581,682,53.02626262626263,298.0603896103896,308.2865800865801,87.34880952380952,106.8508658008658,135.25165945165946,102.93419913419913,59.01277056277056,19.45,73.0992784992785,140.8603896103896,142.88300865800866,53.93578643578643
31740,"Manhattan, KS",375,215,160,4.113492063492063,35.66547619047619,25.682142857142857,33.99246031746032,9.386904761904761,25.679761904761904,25.91547619047619,14.652380952380952,2.1166666666666667,2.555555555555556,12.20357142857143,18.705952380952382,4.33015873015873
31860,"Mankato, MN",352,241,111,7.085714285714285,46.401984126984125,34.74484126984127,19.2218253968254,14.68531746031746,26.511507936507936,27.190079365079363,6.841269841269841,0.5,2.811111111111111,22.150396825396825,30.64484126984127,2.2111111111111112
31900,"Mansfield, OH",314,230,84,8.613924963924964,32.2004329004329,24.68654401154401,32.566305916305915,13.891305916305916,25.994877344877345,26.632972582972585,17.171861471861472,0.0,0.8666666666666667,26.552020202020202,16.069877344877344,4.753210678210678
32580,"McAllen-Edinburg-Mission, TX",1366,1134,232,28.00559163059163,189.5492424242424,148.17305194805195,187.14765512265512,50.29765512265512,65.07305194805194,106.34725829725829,16.36273448773449,52.550036075036076,4.053968253968254,175.36987734487735,96.34249639249639,14.727380952380953
32780,"Medford, OR",681,396,285,7.9261904761904765,66.90079365079364,72.18412698412698,33.698412698412696,28.274603174603175,33.98412698412698,35.0484126984127,27.35952380952381,3.5095238095238095,10.327380952380953,27.905555555555555,42.884126984126986,5.997222222222222
32820,"Memphis, TN-MS-AR",6487,4426,2061,170.79545454545453,794.5680735930736,842.3867243867244,354.81208513708515,423.9569624819625,300.6287878787879,301.22835497835496,170.6314935064935,59.90689033189033,100.51078643578643,416.62200577200576,357.1732323232323,132.77914862914864
32900,"Merced, CA",215,143,72,1.6583333333333332,23.03333333333333,15.666666666666666,28.358333333333334,8.291666666666666,14.166666666666666,16.316666666666666,8.558333333333334,1.6166666666666667,1.75,9.65,11.916666666666666,2.0166666666666666
33100,"Miami-Fort Lauderdale-West Palm Beach, FL",51707,37675,14032,1020.8169164169165,8087.919297369297,7455.7252497502495,2245.9256105006107,1963.6847014097013,2578.883583083583,1844.6977966477966,1446.2577533577532,1008.8797952047952,775.1591963591964,3614.914535464535,4752.426837051837,879.7087273837274
33140,"Michigan City-La Porte, IN",211,120,91,4.094047619047619,21.002380952380953,16.685714285714287,10.461904761904762,5.266666666666667,16.311904761904763,13.153571428571428,6.1,0.3333333333333333,0.5,11.145238095238096,13.178571428571429,1.7666666666666666
33220,"Midland, MI",387,308,79,5.871067821067821,47.41075036075036,64.82463924963925,30.09170274170274,19.568290043290045,34.634559884559884,24.75122655122655,12.14126984126984,1.8909090909090909,18.707575757575757,15.48015873015873,23.684559884559885,8.943290043290043
33260,"Midland, TX",678,549,129,9.273809523809524,70.12142857142857,201.4936507936508,65.23412698412699,18.170238095238094,46.76309523809524,33.58571428571428,7.815873015873016,2.6,3.603968253968254,31.673412698412697,49.070238095238096,9.594444444444445
33340,"Milwaukee-Waukesha, WI",10285,6328,3957,191.59047619047618,1268.4202380952381,1485.6757936507936,358.18095238095236,528.5083333333333,380.00714285714287,378.74285714285713,286.8543650793651,56.15515873015873,293.1146825396825,441.5329365079365,509.9115079365079,149.30555555555554
33460,"Minneapolis-St. Paul-Bloomington, MN-WI",29908,17422,12486,449.43532856032857,3541.843337218337,4071.6433372183374,912.646114996115,1564.8318292818292,1070.4564324564324,906.2199245199245,466.94607892107894,264.90480907980907,1037.2412448662449,1115.868734043734,1563.441353091353,456.52147574647574
33500,"Minot, ND",175,96,79,2.7666666666666666,18.46904761904762,15.119047619047619,11.676190476190476,1.342857142857143,11.642857142857142,7.742857142857143,5.2595238095238095,1.4166666666666665,0.5928571428571429,8.652380952380952,10.119047619047619,1.2
33540,"Missoula, MT",1037,707,330,16.654437229437228,162.307215007215,130.5167388167388,45.00721500721501,52.68697691197691,42.99411976911977,41.6774531024531,19.57507215007215,2.408333333333333,11.236904761904762,84.08935786435786,81.40007215007215,16.446103896103896
33660,"Mobile, AL",1867,1337,530,59.98730158730159,324.3706349206349,211.65396825396826,88.88492063492063,103.63968253968254,81.66944444444444,53.1702380952381,50.87261904761905,7.385714285714285,8.737301587301587,206.22063492063492,119.93730158730159,20.470238095238095
33700,"Modesto, CA",794,558,236,20.90674603174603,97.01388888888889,79.53055555555555,67.54920634920634,50.671031746031744,46.337698412698415,49.6281746031746,19.19126984126984,10.011111111111111,9.833333333333334,55.359920634920634,42.26706349206349,9.7
33740,"Monroe, LA",778,484,294,19.932142857142857,83.475,70.73214285714286,23.610714285714284,31.50595238095238,36.51547619047619,41.897619047619045,24.11904761904762,1.1428571428571428,4.316666666666666,90.10119047619048,40.055952380952384,16.595238095238095
33780,"Monroe, MI",242,173,69,2.8845238095238095,24.97142857142857,25.070238095238096,28.454761904761906,6.192857142857143,22.104761904761904,21.886904761904763,11.220238095238095,1.8583333333333334,1.5928571428571427,7.234523809523809,16.945238095238096,2.5833333333333335
33860,"Montgomery, AL",2696,1440,1256,51.39206349206349,378.4611111111111,235.78492063492064,121.32619047619048,105.4968253968254,72.38095238095238,85.18968253968254,80.09285714285714,5.44563492063492,9.977777777777778,184.71349206349205,83.55515873015872,26.183333333333334
34060,"Morgantown, WV",891,484,407,8.943650793650793,115.0579365079365,90.39365079365079,36.12222222222222,43.07142857142857,19.072222222222223,29.08888888888889,13.28968253968254,0.6111111111111112,3.776190476190476,65.88174603174603,47.99126984126984,10.7
34100,"Morristown, TN",232,155,77,4.07063492063492,25.300396825396824,15.196428571428571,24.618253968253967,8.740873015873015,15.452777777777778,15.48611111111111,13.18015873015873,2.0956349206349207,0.25,17.28611111111111,11.272619047619047,2.05
34580,"Mount Vernon-Anacortes, WA",402,318,84,5.55995670995671,51.248051948051945,35.748051948051945,47.029761904761905,18.68257575757576,31.198051948051948,24.870238095238093,24.195670995670994,4.142099567099567,1.5909090909090908,23.00638528138528,46.770670995671,3.9575757575757575
34620,"Muncie, IN",238,154,84,8.652380952380952,28.445238095238096,16.061904761904763,13.269047619047619,8.083333333333334,24.154761904761905,16.438095238095237,11.335714285714285,0.14285714285714285,1.9833333333333334,9.82857142857143,14.928571428571429,0.6761904761904762
34740,"Muskegon-Norton Shores, MI",343,298,45,5.488888888888889,45.81309523809524,43.2047619047619,42.73095238095238,18.077777777777776,31.553174603174604,39.06984126984127,12.892460317460317,1.244047619047619,3.0944444444444446,17.456746031746032,31.64761904761905,5.726190476190476
34820,"Myrtle Beach-Conway-North Myrtle Beach, SC",1132,758,374,17.125,131.97976190476192,84.3547619047619,67.8047619047619,59.80595238095238,60.03690476190476,52.01309523809524,22.13015873015873,5.006746031746031,3.3511904761904763,125.86190476190475,112.47857142857143,16.051190476190477
34900,"Napa, CA",621,421,200,6.816666666666666,79.05952380952381,78.33333333333333,34.40952380952381,29.284523809523808,45.292857142857144,28.426190476190477,18.841666666666665,2.8666666666666663,12.2,17.892857142857142,59.60952380952381,7.966666666666667
34940,"Naples-Marco Island, FL",2497,1800,697,42.31309523809524,277.86587301587304,353.3880952380952,168.55753968253967,67.54801587301587,209.74920634920633,113.30039682539683,53.555952380952384,32.05396825396825,39.94880952380952,99.57301587301588,265.54325396825396,76.60277777777777
34980,"Nashville-Davidson--Murfreesboro--Franklin, TN",13559,9564,3995,252.9390082140082,1870.660581085581,2281.008669108669,732.6709346209346,719.004304029304,630.8213675213675,553.5582362082362,372.7844266844267,112.6933732933733,365.7066128316128,659.3415695415696,773.8602564102564,238.95066045066045
35380,"New Orleans-Metairie, LA",13628,8327,5301,192.89801587301588,2179.8174603174602,1696.6912698412698,374.2309523809524,520.6388888888889,366.93055555555554,278.51468253968255,335.38690476190476,74.52936507936508,136.37301587301587,1382.615476190476,634.3579365079365,154.0154761904762
35620,"New York-Newark-Jersey City, NY-NJ",230791,131140,99651,3599.5742146742145,27674.892143967143,36876.269524919524,5674.079445554446,7759.908377733378,5313.438572538573,4938.557764457764,3750.2180819180817,2222.1582334332334,6071.581177156177,9167.343262293261,14016.64135031635,4075.337851037851
35660,"Niles, MI",403,318,85,9.628968253968255,53.08849206349206,59.630158730158726,32.94206349206349,16.041666666666668,35.27896825396825,28.81468253968254,16.799206349206347,2.3,11.442857142857143,17.934920634920633,28.63611111111111,5.461904761904762
35840,"North Port-Bradenton-Sarasota, FL",3925,2798,1127,63.92738095238095,487.056746031746,462.309126984127,218.67222222222222,157.32857142857142,327.78055555555557,176.33769841269842,109.2468253968254,30.327380952380953,52.148809523809526,228.52857142857144,395.81388888888887,88.52222222222223
36100,"Ocala, FL",775,532,243,11.488492063492064,116.61349206349206,59.15515873015873,51.99166666666667,28.645238095238096,60.55277777777778,44.43730158730159,20.513492063492063,2.9027777777777777,5.191666666666666,66.48730158730159,56.19563492063492,7.824999999999999
36220,"Odessa, TX",250,215,35,4.784920634920635,37.80873015873016,23.715873015873015,35.29206349206349,12.080158730158729,19.21825396825397,27.975396825396825,5.039285714285715,4.042857142857143,2.713095238095238,26.49642857142857,13.534920634920635,2.298015873015873
36260,"Ogden, UT",1463,880,583,41.343650793650795,144.89365079365078,160.81984126984128,81.14404761904761,32.21031746031746,71.16468253968254,90.09960317460317,38.459920634920636,9.453968253968254,40.49444444444445,70.48650793650793,79.14365079365079,20.285714285714285
36420,"Oklahoma City, OK",8156,6076,2080,228.40253635253634,1296.3477022977022,1208.9794483294484,347.57580475080476,500.7782217782218,504.20960705960704,372.9615911865912,249.08377733377733,86.32685092685092,82.74773837273837,592.1380702630703,399.3817571317571,207.0668942168942
36500,"Olympia-Lacey-Tumwater, WA",1737,1312,425,21.65714285714286,325.96706349206346,242.3563492063492,123.83849206349207,79.18492063492063,67.84563492063492,81.33690476190476,130.4218253968254,9.472222222222221,12.23452380952381,75.35992063492063,110.84880952380952,31.476190476190474
36540,"Omaha, NE-IA",5943,4620,1323,110.72662337662338,953.7262265512265,924.6123376623376,454.5536075036075,357.2147186147186,373.20598845598846,283.6265873015873,122.58297258297259,81.66349206349206,127.9067821067821,233.0020202020202,410.89011544011544,186.28852813852814
36740,"Orlando-Kissimmee-Sanford, FL",13105,9915,3190,274.86438006438004,2049.692157842158,1563.5540626040627,798.385014985015,636.6020784770785,701.3493006993007,620.4556499056499,302.2333555333555,202.78804528804528,201.50835553335554,1211.9135503385503,1190.38064990565,161.27339882339882
36780,"Oshkosh-Neenah, WI",532,346,186,15.966269841269842,52.12103174603175,47.44484126984127,23.67142857142857,31.348412698412698,33.53531746031746,34.278174603174605,18.814285714285713,1.3333333333333333,27.34722222222222,15.267460317460317,34.12103174603175,10.751190476190477
36980,"Owensboro, KY",292,211,81,8.15515873015873,42.73253968253968,20.914682539682538,20.97063492063492,16.586904761904762,21.523015873015872,22.030158730158732,10.10515873015873,0.5833333333333333,0.47619047619047616,19.51468253968254,23.39920634920635,4.008333333333333
37100,"Oxnard-Thousand Oaks-Ventura, CA",3933,2769,1164,52.68502886002886,502.8393939393939,476.64534632034633,217.54058441558442,344.1548701298701,207.80367965367964,202.31637806637806,115.1547619047619,28.982251082251082,142.01439393939393,195.0797619047619,228.79296536796537,54.990584415584415
37140,"Paducah, KY-IL",400,290,110,7.137612387612387,60.47610445110445,25.17610445110445,39.81658064158064,22.35705683205683,23.02610445110445,36.46658064158064,11.365390165390165,0.25384615384615383,3.287179487179487,34.02610445110445,24.316580641580643,2.294755244755245
37340,"Palm Bay-Melbourne-Titusville, FL",1764,1268,496,41.91626984126984,217.78095238095239,163.10476190476192,159.90555555555557,54.02936507936508,133.3904761904762,107.01785714285714,60.24960317460317,10.762301587301588,33.21666666666667,127.16626984126984,130.99166666666667,28.46825396825397
37460,"Panama City-Panama City Beach, FL",615,437,178,12.343362193362193,81.51955266955267,50.73383838383838,64.98621933621934,21.584632034632033,33.80407647907648,44.56955266955267,25.513600288600287,1.75,3.5666666666666664,47.19098124098124,42.13344155844156,7.304076479076479
37620,"Parkersburg-Vienna, WV",221,113,108,4.066666666666666,25.28333333333333,15.183333333333334,8.8,7.233333333333333,10.9,6.5,2.6,0.0,0.3666666666666667,16.78333333333333,13.95,1.3333333333333333
37860,"Pensacola-Ferry Pass-Brent, FL",1806,1344,462,31.711904761904762,285.5464285714286,163.49642857142857,144.23888888888888,85.91388888888889,105.67103174603174,99.25952380952381,41.773809523809526,5.402777777777778,15.108333333333333,212.21150793650793,132.23174603174604,21.433730158730157
37900,"Peoria, IL",1438,1032,406,31.40277777777778,185.1329365079365,177.09007936507936,60.669444444444444,112.04087301587302,75.40436507936508,75.06031746031746,38.41031746031746,5.476190476190476,43.203968253968256,106.72103174603174,95.74960317460318,25.63809523809524
37980,"Philadelphia-Camden-Wilmington, PA-NJ-DE-MD",51421,32037,19384,1007.8017787767787,7195.017651792652,7289.714874014874,1487.1224136974138,2787.058127983128,1478.1839216339217,1386.7426517926517,865.9039072039072,320.0311799311799,1258.9888999889,3590.3636835386833,2696.8791597291597,673.1917499167499
38060,"Phoenix-Mesa-Chandler, AZ",21234,17260,3974,504.1545787545787,3649.798626373626,3601.771606171606,1852.164787989788,958.5982295482295,921.8898962148962,945.589824064824,268.1358558108558,334.1575369075369,603.1385975135975,1556.0045066045066,1673.772039072039,390.82391497391495
38240,"Pinehurst-Southern Pines, NC",367,202,165,3.966666666666667,29.666666666666668,34.983333333333334,18.2,12.75,26.933333333333334,16.233333333333334,7.683333333333334,0.5,2.75,16.816666666666666,25.566666666666666,5.95
38300,"Pittsburgh, PA",15983,9693,6290,258.28181818181815,1934.823088023088,2313.552056277056,468.09051226551225,898.2853896103896,601.8103896103896,528.1270562770562,290.7516233766234,57.077813852813854,321.79686147186146,932.6310245310245,856.8949134199135,230.8774531024531
38340,"Pittsfield, MA",677,407,270,6.567460317460317,66.93769841269841,64.44603174603175,30.96031746031746,22.024603174603175,40.40595238095238,34.63769841269841,29.71785714285714,0.45,10.948412698412698,29.76388888888889,61.163888888888884,8.976190476190476
38540,"Pocatello, ID",267,182,85,7.273412698412699,37.38809523809524,26.120238095238093,19.484126984126984,12.878571428571428,12.144047619047619,16.63531746031746,8.826190476190476,2.2111111111111112,2.7694444444444444,24.586904761904762,9.579761904761904,2.102777777777778
38940,"Port St. Lucie, FL",1449,1096,353,25.4992784992785,208.8353896103896,155.60046897546897,109.82665945165945,55.786976911976915,114.36273448773449,75.29173881673881,45.78935786435786,16.518290043290044,11.838961038961038,120.58221500721501,126.94650072150073,29.12142857142857
38860,"Portland-South Portland, ME",4169,2575,1594,79.08196248196248,557.2063852813852,573.6337662337662,160.99805194805194,214.9726551226551,183.24805194805194,156.67997835497835,86.23654401154401,21.995238095238093,61.55678210678211,159.12305194805194,261.97146464646465,58.29606782106782
38900,"Portland-Vancouver-Hillsboro, OR-WA",16329,10654,5675,292.7337051837052,2102.4372766122765,2179.2420385170385,719.9586691086691,875.8134670884671,653.2964035964036,652.2955738705739,440.6714035964036,136.99640359640358,442.65195915195915,779.3479908979909,1089.2380702630703,289.3170385170385
39150,"Prescott Valley-Prescott, AZ",649,462,187,9.494047619047619,90.16071428571428,67.95357142857142,76.92619047619047,25.025,50.720238095238095,36.11904761904762,8.217857142857143,1.1666666666666667,10.55,30.78690476190476,43.58690476190476,11.292857142857143
39300,"Providence-Warwick, RI-MA",10645,5351,5294,142.85126262626264,1095.615945165945,933.2532467532468,314.9651515151515,361.3933261183261,441.05800865800865,336.1687229437229,326.1091991341991,53.575036075036074,103.36392496392496,543.0794372294372,577.5000721500721,122.06666666666666
39340,"Provo-Orem-Lehi, UT",1830,984,846,32.8520202020202,178.3329725829726,214.95082972582972,73.19130591630592,45.316305916305915,79.67344877344877,74.97940115440116,35.21190476190476,13.002380952380951,56.08495670995671,77.50916305916306,76.43535353535353,26.45995670995671
39380,"Pueblo, CO",299,174,125,8.716666666666667,28.76904761904762,17.135714285714286,26.85238095238095,10.65952380952381,17.485714285714284,17.30952380952381,12.692857142857143,1.2333333333333334,4.166666666666666,15.652380952380952,12.492857142857142,0.8333333333333333
39460,"Punta Gorda, FL",414,278,136,6.804761904761905,44.75476190476191,44.93809523809524,26.919047619047618,12.066666666666666,38.2047619047619,22.428571428571427,10.402380952380952,0.3333333333333333,4.333333333333333,22.59285714285714,38.73809523809524,5.483333333333333
39540,"Racine-Mount Pleasant, WI",493,290,203,7.183333333333334,48.13333333333333,56.3,22.791666666666668,16.075,25.733333333333334,24.4,23.041666666666668,2.0,18.7,17.608333333333334,19.116666666666667,8.916666666666666
39580,"Raleigh-Cary, NC",9243,5355,3888,116.03654401154401,1098.829797979798,1152.0059884559885,371.3528138528138,459.15876623376624,283.4631313131313,361.3159090909091,104.31392496392496,86.10634920634921,269.279797979798,425.6238455988456,516.754797979798,110.75833333333333
39660,"Rapid City, SD",608,435,173,7.601190476190476,100.32380952380952,69.10833333333333,43.982142857142854,24.97142857142857,35.082142857142856,34.24047619047619,17.554761904761904,0.3333333333333333,4.366666666666666,51.39285714285714,38.525,7.517857142857142
39740,"Reading, PA",948,628,320,19.3234126984127,116.25595238095238,120.02261904761905,54.7718253968254,42.14404761904762,64.25595238095238,57.054761904761904,23.64404761904762,4.983333333333333,8.627777777777778,41.371428571428574,56.70595238095238,18.83888888888889
39820,"Redding, CA",485,345,140,12.242857142857142,57.263492063492066,43.013492063492066,43.95,55.846825396825395,22.244444444444444,27.81111111111111,8.703968253968254,0.5833333333333333,2.1833333333333336,37.31349206349206,27.046825396825398,6.796825396825397
39900,"Reno, NV",2531,1640,891,57.3476911976912,341.6167388167388,336.2548340548341,101.3722582972583,97.72388167388168,118.50483405483405,118.87582972582973,54.43733766233766,12.6504329004329,50.0508658008658,137.81792929292928,172.6119769119769,40.73538961038961
40060,"Richmond, VA",9555,5427,4128,144.13535353535354,1140.4778138528138,1314.81829004329,397.72146464646465,363.1262265512265,279.0254329004329,299.561544011544,130.71789321789322,52.88059163059163,159.2468253968254,505.5770202020202,492.0611471861472,147.65039682539683
40140,"Riverside-San Bernardino-Ontario, CA",7878,5270,2608,159.23852813852812,901.9913059163059,686.3794011544012,652.3754329004329,649.3012265512266,377.50003607503606,474.7893217893218,211.99209956709956,78.57781385281385,121.12103174603175,449.96233766233763,429.4817821067821,77.28968253968254
40220,"Roanoke, VA",1611,1012,599,39.834920634920636,193.90436507936508,174.03650793650795,106.78412698412698,69.49246031746031,82.35873015873015,62.75039682539683,26.007142857142856,9.501190476190477,23.09722222222222,108.9281746031746,89.53531746031746,25.769444444444446
40340,"Rochester, MN",652,400,252,11.78452380952381,61.11468253968254,61.76468253968254,40.42777777777778,28.317063492063493,35.87301587301587,46.163492063492065,20.806349206349207,4.983333333333333,17.767857142857142,31.159920634920635,34.64563492063492,5.191666666666666
40380,"Rochester, NY",4828,2958,1870,96.08015873015873,526.7440476190476,583.3285714285714,209.72261904761905,221.03968253968253,234.48174603174604,207.5234126984127,120.0202380952381,29.208333333333332,92.77301587301586,188.97103174603174,360.68571428571425,87.42142857142856
40420,"Rockford, IL",1092,755,337,24.18015873015873,134.3920634920635,109.80515873015872,66.02301587301588,62.12301587301587,75.48373015873015,60.48253968253968,38.83690476190476,8.491666666666667,15.891666666666666,71.80753968253968,78.76587301587301,8.716666666666667
40580,"Rocky Mount, NC",268,157,111,9.633333333333333,25.80952380952381,18.18452380952381,23.101190476190474,8.383333333333333,13.592857142857143,14.15952380952381,4.35,0.6666666666666666,1.5,15.892857142857142,18.676190476190477,3.05
40660,"Rome, GA",354,286,68,16.575,49.46190476190476,35.135714285714286,38.101190476190474,21.002380952380953,25.035714285714285,32.11190476190476,11.85952380952381,5.583333333333333,2.642857142857143,28.711904761904762,16.452380952380953,3.326190476190476
40900,"Sacramento-Roseville-Folsom, CA",14890,10653,4237,188.77622655122656,2386.795670995671,2038.9540043290042,731.4345598845599,1594.2147186147185,513.2869408369409,513.4503968253969,395.72463924963927,106.19285714285714,203.85122655122655,692.9635281385281,893.7726551226551,393.58257575757574
40980,"Saginaw, MI",531,449,82,11.25952380952381,69.72579365079365,53.442460317460316,50.132936507936506,42.151984126984125,52.79920634920635,44.30079365079365,27.621825396825397,1.1166666666666667,3.3472222222222223,44.37579365079365,41.70079365079365,7.025
41420,"Salem, OR",2114,1151,963,37.79126984126984,237.81071428571428,157.65357142857144,103.41904761904762,120.55952380952381,100.05357142857143,92.32460317460317,52.449603174603176,16.711111111111112,13.375,99.75952380952381,91.14126984126985,27.951190476190476
41500,"Salinas, CA",1424,972,452,17.356782106782106,172.07582972582972,150.53297258297258,98.99448051948052,123.08059163059163,83.59130591630591,69.09011544011544,34.9004329004329,5.474242424242424,38.80396825396825,65.25162337662337,94.74249639249639,18.10515873015873
41540,"Salisbury, MD",291,222,69,6.883333333333333,36.444047619047616,29.053571428571427,39.76904761904762,8.492857142857142,23.170238095238094,21.320238095238096,12.042857142857143,1.4166666666666665,0.7,18.03690476190476,22.086904761904762,2.5833333333333335
41620,"Salt Lake City-Murray, UT",8927,5678,3249,189.12103174603175,1078.567857142857,1354.2380952380952,385.76428571428573,279.2690476190476,273.3126984126984,333.7718253968254,229.5484126984127,63.05793650793651,372.87619047619046,398.8746031746032,549.0186507936507,170.5793650793651
41660,"San Angelo, TX",272,210,62,4.845238095238095,26.714285714285715,32.47380952380952,41.253571428571426,4.734523809523809,26.057142857142857,23.83809523809524,5.385714285714285,0.9761904761904762,0.4666666666666667,17.045238095238094,20.973809523809525,5.235714285714286
41700,"San Antonio-New Braunfels, TX",10287,8279,2008,192.59651182151183,1424.911988011988,1519.1917499167498,970.5842102342102,424.67742812742813,667.714368964369,677.2389721389721,226.80163447663446,225.96465756465756,163.40358252858252,810.3274642024642,795.6155594405594,179.97187257187258
41740,"San Diego-Chula Vista-Carlsbad, CA",24063,16927,7136,339.4136113886114,3346.1901986901985,3467.7259129759127,1178.9262737262736,1465.9223415473416,869.1564685314685,914.6476662226662,659.523026973027,314.13807026307023,1207.3155955155955,1151.309643134643,1577.3886113886115,435.34257964257966
41860,"San Francisco-Oakland-Fremont, CA",55138,38109,17029,466.31280663780666,7894.674314574315,9503.701695526695,1813.493759018759,3931.323448773449,1578.027489177489,1397.2973304473305,1325.0977272727273,721.722619047619,3212.3334415584413,1876.043759018759,3143.982647907648,1244.988961038961
41940,"San Jose-Sunnyvale-Santa Clara, CA",15795,11073,4722,130.59358974358975,1684.7051337551338,3078.980133755134,441.0777528027528,799.2809274059274,425.23608613608616,509.6245781995782,314.87060994560994,230.2777528027528,2125.3368797868798,291.9888639138639,586.390848040848,454.6368437118437
42020,"San Luis Obispo-Paso Robles, CA",1219,840,379,14.738131313131314,144.9178932178932,144.53455988455988,78.41313131313132,73.33892496392497,68.68455988455989,61.647655122655124,38.223015873015875,6.166666666666666,24.383766233766234,72.87503607503608,93.92622655122655,18.1504329004329
41780,"Sandusky, OH",508,382,126,12.067460317460318,52.93888888888889,54.48690476190476,48.86666666666667,19.682936507936507,46.00238095238095,43.20952380952381,24.26468253968254,1.0277777777777777,1.75,34.78928571428571,31.222619047619048,11.690873015873017
42100,"Santa Cruz-Watsonville, CA",1182,814,368,12.95,150.7095238095238,136.41666666666666,76.6595238095238,68.87619047619047,61.27619047619048,56.99285714285714,39.60952380952381,18.9,47.233333333333334,45.35952380952381,81.9,17.116666666666667
42140,"Santa Fe, NM",2109,1507,602,19.042460317460318,403.5619769119769,290.3726911976912,142.8135642135642,83.34967532467532,81.01594516594517,84.39689754689755,77.34451659451659,13.596500721500721,23.465476190476192,91.15681818181818,145.6520562770563,51.23142135642136
42200,"Santa Maria-Santa Barbara, CA",2227,1521,706,27.534523809523808,285.2563492063492,309.92301587301586,117.90833333333333,138.1611111111111,127.4968253968254,100.12896825396825,59.62063492063492,12.844444444444445,47.253571428571426,95.60119047619048,162.0563492063492,37.21468253968254
42220,"Santa Rosa-Petaluma, CA",2398,1627,771,36.44484126984127,321.3952380952381,271.0285714285714,133.5638888888889,154.18174603174603,137.21031746031747,131.85198412698412,63.88174603174603,14.297222222222222,54.49563492063492,101.45357142857142,173.62857142857143,33.56666666666666
42340,"Savannah, GA",1870,1421,449,57.52619047619048,297.26666666666665,188.7392857142857,128.66309523809522,106.56547619047619,82.43333333333334,112.27380952380952,53.30357142857143,12.178571428571429,16.241666666666667,194.9297619047619,143.35,27.52857142857143
42540,"Scranton--Wilkes-Barre, PA",2143,1463,680,38.16865079365079,274.2206349206349,205.62420634920633,109.88928571428572,148.97460317460317,117.89126984126985,86.40119047619048,49.79920634920635,4.5285714285714285,9.363492063492064,263.89444444444445,136.4206349206349,17.823809523809523
42660,"Seattle-Tacoma-Bellevue, WA",29349,23079,6270,476.16169941169943,4475.145465645465,4602.85498945499,1693.982695082695,1472.373568098568,1140.6291597291597,1159.139801864802,1717.2252275502276,488.0096792096792,1429.1005883005882,1479.2164973914973,2282.869239094239,662.2913891663892
42680,"Sebastian-Vero Beach-West Vero Corridor, FL",688,461,227,8.679761904761905,86.0015873015873,69.31111111111112,27.82857142857143,22.719444444444445,68.1920634920635,29.252777777777776,18.312301587301587,6.15,4.366666666666666,34.078968253968256,67.0111111111111,19.09563492063492
42700,"Sebring, FL",178,122,56,3.583333333333333,19.008333333333333,14.241666666666667,14.341666666666667,1.5333333333333332,19.225,11.533333333333333,9.525,1.1583333333333332,1.2,8.625,17.241666666666667,0.7833333333333333
43100,"Sheboygan, WI",253,145,108,6.65952380952381,22.70952380952381,26.3,14.101190476190476,8.725,12.892857142857142,17.616666666666667,9.801190476190476,1.5,5.65,7.501190476190477,8.401190476190475,3.1416666666666666
43300,"Sherman-Denison, TX",348,284,64,9.217460317460317,46.47936507936508,35.76984126984127,45.43492063492064,9.394444444444444,31.85079365079365,28.559126984126983,8.10515873015873,2.5146825396825396,7.973809523809524,29.802777777777777,19.911507936507935,8.98611111111111
43340,"Shreveport-Bossier City, LA",1683,1049,634,55.9738455988456,202.27709235209235,168.93661616161617,85.29375901875902,68.17590187590187,84.56756854256854,64.30209235209234,36.67705627705627,3.7857864357864357,8.932251082251081,175.46554834054834,81.8747113997114,12.737770562770562
43420,"Sierra Vista-Douglas, AZ",213,133,80,3.276190476190476,24.909523809523808,15.742857142857142,35.976190476190474,2.1666666666666665,7.716666666666667,12.392857142857142,6.966666666666667,1.45,3.15,9.642857142857142,9.026190476190475,0.5833333333333333
43580,"Sioux City, IA-NE-SD",554,369,185,11.72936507936508,63.33452380952381,49.824999999999996,40.99920634920635,38.50238095238095,31.127380952380953,36.1,17.887698412698413,3.1111111111111107,1.5011904761904762,29.867460317460317,37.22261904761905,7.792063492063492
43620,"Sioux Falls, SD-MN",1038,756,282,18.51904761904762,150.2952380952381,145.05238095238096,55.01190476190476,58.76190476190476,80.63571428571429,54.083333333333336,26.25,4.233333333333333,15.917857142857143,63.70952380952381,58.39404761904762,25.135714285714286
43640,"Slidell-Mandeville-Covington, LA",1876,1120,756,22.19047619047619,255.55119047619047,192.69166666666666,65.81071428571428,65.4452380952381,71.52619047619048,74.80357142857143,56.653571428571425,5.491666666666666,10.16904761904762,196.97261904761905,87.89880952380952,14.795238095238094
43780,"South Bend-Mishawaka, IN-MI",1279,867,412,30.634126984126983,172.86984126984126,154.2281746031746,66.4281746031746,51.867063492063494,83.61746031746031,69.61746031746031,43.94007936507936,10.842857142857143,20.126190476190477,72.06468253968254,76.03650793650793,14.727380952380951
43900,"Spartanburg, SC",814,511,303,15.516666666666666,102.32976190476191,83.69642857142857,38.26190476190476,45.35357142857143,36.21071428571428,46.48690476190476,14.092857142857143,1.8666666666666665,10.291666666666666,61.2297619047619,51.246428571428574,4.416666666666666
44060,"Spokane-Spokane Valley, WA",2748,2206,542,64.14563492063492,402.6333694083694,295.07027417027416,272.99963924963924,147.34051226551227,151.35241702741703,143.28138528138527,197.75955988455988,20.434956709956708,76.57063492063492,159.44209956709958,218.7877344877345,56.18178210678211
44100,"Springfield, IL",1548,899,649,25.618650793650794,209.31984126984128,152.6531746031746,70.21666666666667,93.71269841269842,60.08769841269841,63.074603174603176,39.27023809523809,4.760714285714286,5.317857142857143,79.60912698412699,72.21507936507936,23.143650793650792
44140,"Springfield, MA",2455,1369,1086,33.62896825396825,253.115873015873,203.5952380952381,120.86468253968253,103.54563492063492,118.91587301587302,90.31468253968254,102.19444444444444,11.383333333333333,19.816666666666666,121.54920634920634,156.06587301587302,34.009523809523806
44180,"Springfield, MO",1558,1184,374,39.458333333333336,230.64523809523808,152.93571428571428,114.53571428571428,101.02460317460317,111.1952380952381,112.075,36.18769841269841,2.426190476190476,9.017857142857142,152.96190476190475,100.41190476190476,21.124603174603173
44220,"Springfield, OH",295,224,71,7.561904761904762,31.56825396825397,30.450396825396826,28.608333333333334,13.632936507936508,24.939285714285713,25.000396825396827,14.701984126984128,0.6000000000000001,3.011111111111111,16.076587301587303,20.859920634920634,6.988888888888889
41060,"St. Cloud, MN",562,370,192,11.19920634920635,73.74444444444444,66.3015873015873,32.87301587301587,22.675396825396824,26.184920634920633,31.71825396825397,8.459523809523809,1.0833333333333333,1.5095238095238095,42.08968253968254,43.46111111111111,8.7
41100,"St. George, UT",526,370,156,11.114285714285714,64.21150793650794,66.97817460317461,27.087698412698412,16.363888888888887,38.25198412698413,33.7734126984127,14.344047619047618,1.8666666666666667,7.066666666666666,38.60198412698413,38.80079365079365,11.538888888888888
41140,"St. Joseph, MO-KS",211,146,65,4.540873015873016,23.59325396825397,19.91706349206349,14.175396825396826,10.049206349206349,15.134920634920634,20.79563492063492,3.0273809523809523,0.125,0.5,18.798015873015874,12.518253968253967,2.825
41180,"St. Louis, MO-IL",16085,11804,4281,281.8972693972694,2312.500840825841,2376.7853646353647,727.1809995559995,1156.7425074925075,730.584570984571,701.5044122544123,329.95311355311355,75.7289072039072,389.0679043179043,1530.7250471750472,858.3258408258408,333.00322177822176
44300,"State College, PA",459,257,202,8.361904761904762,46.8297619047619,33.25595238095238,29.077380952380953,18.617857142857144,23.614285714285714,25.810714285714287,11.253571428571428,3.333333333333333,5.741666666666666,15.797619047619047,28.922619047619047,6.383333333333333
44420,"Staunton-Stuarts Draft, VA",232,120,112,3.6159090909090907,21.65400432900433,16.93733766233766,15.887337662337663,4.858766233766234,13.562337662337661,14.211147186147185,6.95952380952381,0.5,0.5909090909090909,9.69448051948052,11.037337662337663,0.49090909090909096
44700,"Stockton-Lodi, CA",1088,730,358,16.766666666666666,126.1595238095238,104.60952380952381,83.85952380952381,78.14285714285714,55.65,56.759523809523806,38.28333333333333,6.083333333333333,7.266666666666667,65.82619047619048,75.24285714285715,15.35
44940,"Sumter, SC",229,132,97,4.35,19.235714285714284,10.251190476190477,15.342857142857143,9.434523809523808,13.252380952380951,12.91904761904762,6.926190476190476,0.0,0.0,25.119047619047617,12.385714285714286,2.783333333333333
45060,"Syracuse, NY",3385,2208,1177,57.59484126984127,450.6031746031746,351.3198412698413,156.4468253968254,188.01468253968252,144.52579365079364,154.26230158730158,89.87420634920635,16.10952380952381,49.728968253968254,221.59960317460317,270.3019841269841,57.61825396825397
45220,"Tallahassee, FL",4563,3166,1397,51.563131313131315,1121.4008297258297,581.8853535353535,239.8504329004329,206.13055555555556,140.07106782106783,113.88178210678211,127.13376623376624,15.363492063492064,21.395670995670997,182.06273448773447,305.9567821067821,59.304401154401155
45300,"Tampa-St. Petersburg-Clearwater, FL",17952,13376,4576,417.5464285714286,3113.824206349206,2127.421825396825,1044.534126984127,769.6821428571428,997.0910173160173,729.57886002886,457.52142857142854,136.87842712842712,227.2125901875902,1625.3984126984126,1453.7630952380953,275.54743867243866
45460,"Terre Haute, IN",342,219,123,6.265873015873016,43.73253968253968,22.656349206349205,14.239682539682539,10.05,26.932539682539684,24.937301587301587,19.56111111111111,0.16666666666666666,1.8333333333333333,30.715873015873015,15.33015873015873,2.5785714285714283
45500,"Texarkana, TX-AR",456,318,138,14.19411976911977,60.26435786435786,43.378643578643576,33.548881673881674,14.945310245310246,27.34292929292929,25.330627705627705,12.752813852813853,0.8488455988455988,10.826623376623376,47.50559163059163,21.07943722943723,5.9818181818181815
45780,"Toledo, OH",2929,2188,741,63.41904761904762,404.8940476190476,376.3452380952381,184.68690476190477,181.51111111111112,199.62539682539682,133.13095238095238,120.16230158730158,11.45515873015873,53.15952380952381,188.68373015873016,200.76825396825396,70.15833333333333
45820,"Topeka, KS",1931,1008,923,36.46505439005439,250.64600677100677,149.36148296148295,105.57814962814963,81.31068931068931,69.57576867576867,97.95553058053058,44.33724053724054,6.135689310689311,7.317832167832168,61.46938339438339,70.20672105672105,27.640451215451215
45900,"Traverse City, MI",878,725,153,16.849603174603175,121.36230158730159,135.2484126984127,59.992063492063494,37.89722222222222,78.10992063492063,62.144444444444446,35.425396825396824,4.961904761904762,18.361507936507937,44.53174603174603,96.26269841269841,13.852777777777778
45940,"Trenton-Princeton, NJ",3782,2520,1262,56.39563492063492,580.9698412698413,626.3007936507936,104.17936507936508,207.68293650793652,111.57301587301588,110.99484126984127,71.80634920634921,16.32142857142857,146.0873015873016,184.36388888888888,262.2234126984127,41.101190476190474
46060,"Tucson, AZ",4116,3124,992,84.81269841269841,607.8309523809523,477.43095238095236,560.0797619047619,170.56428571428572,207.12142857142857,194.91468253968253,70.35952380952381,78.19920634920635,79.16269841269842,284.0722222222222,250.95119047619048,58.50039682539683
46140,"Tulsa, OK",5054,3887,1167,124.20318015318016,824.5330863580864,775.5945942945942,213.98427683427684,346.6684038184038,329.28586413586413,266.9370546120546,139.86522921522922,52.26530136530136,61.687559662559664,372.9730935730936,280.9608280608281,98.04152791652791
46220,"Tuscaloosa, AL",867,503,364,23.086904761904762,100.8813492063492,78.33015873015873,56.05119047619048,34.74563492063492,35.513492063492066,44.64801587301587,24.92738095238095,5.358333333333333,5.111111111111111,46.81349206349206,36.787301587301585,10.74563492063492
46300,"Twin Falls, ID",205,122,83,4.416666666666667,15.852380952380953,17.892857142857142,16.426190476190477,7.285714285714286,13.869047619047619,11.902380952380952,10.616666666666667,1.65,0.3333333333333333,11.869047619047619,8.352380952380953,1.5333333333333332
46340,"Tyler, TX",945,790,155,24.028210678210677,135.68773448773447,132.23535353535354,95.15638528138528,36.243290043290045,75.70995670995671,69.136544011544,18.026587301587302,7.808333333333334,20.19170274170274,103.09249639249639,59.823448773448774,12.859956709956709
,Unspecified,393275,225111,168164,7447.469144744145,41445.62412309912,41463.413011988014,17270.55576090576,14008.235883560883,17844.081338106338,17923.45705960706,8680.083286158286,3227.1699744699745,5370.391222666222,20801.79280996781,24345.622066822067,5283.104317904318
46520,"Urban Honolulu, HI",5738,3380,2358,89.07864357864358,691.8409451659452,719.9849927849928,176.57705627705627,249.82070707070707,204.8540404040404,163.29054834054833,127.0040404040404,59.9258658008658,58.23611111111111,260.7107864357864,491.50674603174605,87.1695165945166
46540,"Utica-Rome, NY",795,483,312,14.478174603174603,86.13412698412698,61.09126984126984,38.723015873015875,20.090873015873015,49.06507936507936,52.387301587301586,39.6702380952381,4.366666666666666,6.766666666666667,42.817460317460316,61.84126984126984,5.567857142857143
46660,"Valdosta, GA",402,326,76,15.598809523809523,65.01785714285714,39.56428571428572,38.87261904761905,24.211507936507935,24.60674603174603,23.066666666666666,7.772619047619047,2.4563492063492065,1.6111111111111112,41.073412698412696,35.59285714285714,6.55515873015873
46700,"Vallejo, CA",819,484,335,6.610714285714286,89.82182539682539,60.46349206349206,73.46111111111111,42.02777777777778,36.13611111111111,45.760714285714286,33.61944444444445,4.244047619047619,8.202380952380953,31.302777777777777,39.55277777777778,12.796825396825398
47020,"Victoria, TX",263,218,45,8.906349206349207,31.19484126984127,33.45436507936508,34.55912698412698,10.799603174603174,26.337698412698412,24.65753968253968,4.666269841269841,1.4095238095238094,1.375,19.968650793650795,19.337698412698412,1.3333333333333333
47220,"Vineland, NJ",248,166,82,6.311111111111111,34.21111111111111,16.526190476190475,18.47063492063492,13.992857142857142,9.603968253968254,10.903968253968253,9.716666666666667,0.1111111111111111,0.3611111111111111,24.637301587301586,18.33730158730159,2.8166666666666664
47260,"Virginia Beach-Chesapeake-Norfolk, VA-NC",6982,4158,2824,152.71002886002887,786.5822510822511,683.1441558441559,444.2088023088023,207.92907647907649,312.4858225108225,393.27828282828284,150.60447330447332,38.9754329004329,57.921103896103894,438.2699494949495,414.4643939393939,77.42622655122655
47300,"Visalia, CA",476,310,166,6.237301587301587,52.912301587301585,34.14563492063492,60.37896825396825,21.616666666666667,29.79563492063492,28.21230158730159,20.961111111111112,1.5333333333333332,4.583333333333333,24.74563492063492,22.852777777777778,2.025
47380,"Waco, TX",964,753,211,22.503210678210678,128.32503607503608,108.94170274170274,106.91948051948052,36.752417027417025,65.24170274170274,72.37067099567099,18.323051948051948,7.131746031746031,26.241702741702742,86.69646464646465,56.69765512265512,16.85515873015873
47460,"Walla Walla, WA",170,135,35,1.3777777777777778,22.984920634920634,18.26111111111111,16.357142857142858,4.446825396825397,14.184920634920635,11.56111111111111,13.342063492063492,2.75,1.0,6.775396825396825,20.03253968253968,1.926190476190476
47580,"Warner Robins, GA",320,222,98,8.54404761904762,36.48253968253968,18.875396825396827,44.782539682539685,10.23015873015873,14.649206349206349,27.856349206349204,9.813095238095238,1.4444444444444444,1.342857142857143,18.81468253968254,27.148015873015872,2.0166666666666666
47900,"Washington-Arlington-Alexandria, DC-VA-MD-WV",127477,64048,63429,1011.9249278499278,15745.759163059163,19714.565115440117,2964.350324675325,3546.811147186147,1883.4127344877345,2158.7531385281386,2083.1094516594517,1244.6049422799422,4959.458585858586,2454.7361471861473,3877.656782106782,2402.8575396825395
47940,"Waterloo-Cedar Falls, IA",455,276,179,5.3468253968253965,38.05912698412698,31.74484126984127,18.682936507936507,19.618253968253967,33.757936507936506,29.86626984126984,27.866666666666667,1.5611111111111111,0.5333333333333333,26.090079365079365,30.499603174603173,12.373015873015873
48060,"Watertown-Fort Drum, NY",221,116,105,4.760714285714286,20.284523809523808,15.851190476190476,11.945238095238095,4.8273809523809526,8.803571428571429,15.227380952380953,8.617857142857144,0.0,0.2,5.395238095238096,18.886904761904763,1.2
48140,"Wausau, WI",566,353,213,6.059523809523809,79.79285714285714,62.60952380952381,24.333333333333332,27.04285714285714,29.983333333333334,22.166666666666668,21.866666666666667,0.2,6.95,34.94285714285714,28.609523809523807,8.442857142857143
48260,"Weirton-Steubenville, WV-OH",297,219,78,7.390079365079365,39.53888888888889,29.486507936507937,19.63373015873016,11.61031746031746,21.131746031746033,18.474206349206348,13.331349206349206,0.25,1.003968253968254,35.23888888888889,18.72222222222222,3.188095238095238
48300,"Wenatchee-East Wenatchee, WA",434,363,71,7.5250111000111,66.86032856032855,43.807947607947604,42.90874125874126,24.012709512709513,25.349614274614275,25.576995226995226,30.169852369852368,9.871800421800422,4.63089133089133,22.093625818625817,51.80794760794761,8.38453490953491
48540,"Wheeling, WV-OH",640,415,225,10.64642857142857,87.0202380952381,74.22380952380952,25.86468253968254,33.36785714285714,35.90833333333333,19.541666666666668,17.410714285714285,0.5,2.6416666666666666,61.98452380952381,35.04047619047619,10.849603174603175
48660,"Wichita Falls, TX",333,249,84,8.874206349206348,38.65436507936508,29.869444444444444,43.42936507936508,6.398809523809524,30.319444444444443,33.25555555555555,8.834523809523809,1.6388888888888888,1.8527777777777776,21.084920634920636,18.75436507936508,6.033333333333333
48620,"Wichita, KS",2243,1609,634,63.23850316350316,292.0527888777889,319.6258047508048,149.6233877233877,109.55080475080474,127.35437617937617,140.03175713175713,72.043228993229,12.923387723387723,28.78374125874126,131.65037185037184,110.80794760794761,51.31389998889999
48680,"Wildwood-The Villages, FL",272,155,117,3.725,21.817857142857143,28.901190476190475,13.358333333333333,10.209523809523809,18.801190476190477,9.008333333333333,4.666666666666667,0.5,4.883333333333334,8.417857142857143,20.117857142857144,10.592857142857143
48700,"Williamsport, PA",365,249,116,4.905555555555556,44.948412698412696,27.822222222222223,20.587301587301585,23.815079365079363,30.515079365079366,22.165079365079364,10.71111111111111,1.1666666666666665,1.1666666666666665,29.548412698412697,28.4484126984127,3.2
48900,"Wilmington, NC",1717,1079,638,33.49170274170274,189.42622655122656,165.4190836940837,118.0786075036075,79.52622655122654,79.95003607503607,87.07979797979797,31.039285714285715,8.983333333333334,18.21948051948052,103.4333694083694,140.43575036075035,23.917099567099566
49020,"Winchester, VA-WV",389,214,175,6.9523809523809526,36.98095238095238,29.678571428571427,20.735714285714284,10.92142857142857,19.88095238095238,19.354761904761904,9.966666666666667,1.35,3.4333333333333336,21.60238095238095,27.847619047619048,5.295238095238095
49180,"Winston-Salem, NC",2052,1412,640,40.829401154401154,261.84844877344875,263.4984487734488,120.98138528138529,95.84963924963925,110.93416305916305,108.10321067821067,40.84567099567099,10.733333333333333,47.44166666666666,143.8460678210678,137.6770202020202,29.41154401154401
49340,"Worcester, MA",3435,1967,1468,57.529761904761905,323.12380952380954,267.9690476190476,160.6079365079365,120.61507936507937,186.6809523809524,189.68571428571428,166.30277777777778,24.46785714285714,65.23571428571428,151.86785714285713,219.4738095238095,33.439682539682536
49420,"Yakima, WA",566,468,98,12.749603174603175,80.68571428571428,53.13214285714286,70.67698412698412,30.572222222222223,36.88214285714286,30.25436507936508,40.266666666666666,11.986904761904762,3.1845238095238093,39.10793650793651,51.20952380952381,7.291269841269841
49620,"York-Hanover, PA",935,623,312,18.18968253968254,114.45515873015873,86.42896825396825,50.449999999999996,46.14087301587301,72.54801587301587,57.321825396825396,23.16785714285714,9.976190476190476,9.8,48.859920634920634,68.8313492063492,16.83015873015873
49660,"Youngstown-Warren, OH",1222,938,284,42.65436507936508,158.11190476190475,131.05,92.87857142857143,71.78888888888889,104.70119047619048,74.17579365079365,58.365873015873014,3.033333333333333,3.827777777777778,103.73928571428571,72.37261904761905,21.300396825396824
49700,"Yuba City, CA",226,143,83,1.525,21.73452380952381,11.141666666666666,18.525,13.459523809523809,14.13452380952381,17.96785714285714,12.717857142857143,0.8333333333333333,0.0,16.80952380952381,11.48452380952381,2.6666666666666665
49740,"Yuma, AZ",207,166,41,6.675,26.73452380952381,18.21785714285714,49.351190476190474,4.03452380952381,9.751190476190477,16.041666666666668,8.066666666666666,2.283333333333333,1.1666666666666665,11.00952380952381,11.767857142857142,0.9
