CBSA,MSA,n_lawyers,n_labeled_lawyers,n_zero_label_lawyers,Bankruptcy Law_binary_count,Civil Litigation_binary_count,Corporate / Business Law_binary_count,Criminal Defense_binary_count,Employment / Labor Law_binary_count,Estate Planning / Probate / Trusts_binary_count,Family Law_binary_count,General Practice / Other_binary_count,Immigration Law_binary_count,Intellectual Property Law_binary_count,Personal Injury / Torts_binary_count,Real Estate Law_binary_count,Tax Law_binary_count,Bankruptcy Law_normalized_1overN_count,Civil Litigation_normalized_1overN_count,Corporate / Business Law_normalized_1overN_count,Criminal Defense_normalized_1overN_count,Employment / Labor Law_normalized_1overN_count,Estate Planning / Probate / Trusts_normalized_1overN_count,Family Law_normalized_1overN_count,General Practice / Other_normalized_1overN_count,Immigration Law_normalized_1overN_count,Intellectual Property Law_normalized_1overN_count,Personal Injury / Torts_normalized_1overN_count,Real Estate Law_normalized_1overN_count,Tax Law_normalized_1overN_count,Bankruptcy Law_normalized_1overN_share,Civil Litigation_normalized_1overN_share,Corporate / Business Law_normalized_1overN_share,Criminal Defense_normalized_1overN_share,Employment / Labor Law_normalized_1overN_share,Estate Planning / Probate / Trusts_normalized_1overN_share,Family Law_normalized_1overN_share,General Practice / Other_normalized_1overN_share,Immigration Law_normalized_1overN_share,Intellectual Property Law_normalized_1overN_share,Personal Injury / Torts_normalized_1overN_share,Real Estate Law_normalized_1overN_share,Tax Law_normalized_1overN_share
10180,"Abilene, TX",411,315,96,37,140,150,113,35,127,123,33,5,12,75,92,15,7.842063492063492,45.2265873015873,52.4515873015873,45.840873015873015,9.812301587301587,39.7265873015873,46.62539682539683,9.426190476190476,0.875,4.4,21.43968253968254,27.53253968253968,3.801190476190476,0.024895439657344417,0.14357646762408668,0.1665129755605946,0.14552658100277147,0.031150163769211387,0.1261161501637692,0.14801713277903755,0.029924414210128494,0.002777777777777778,0.01396825396825397,0.06806248425296045,0.08740488788107835,0.012067271352985638
10420,"Akron, OH",3746,2739,1007,392,1400,1450,647,575,759,627,405,62,219,767,764,284,112.62853535353536,464.5376623376623,510.5698051948052,214.5011544011544,202.07972582972582,229.12178932178932,197.39368686868687,137.10631313131313,32.165079365079364,101.88643578643578,235.82734487734487,217.8027417027417,83.37972582972583,0.04112031228679641,0.16960119106888003,0.18640737685096945,0.07831367448015861,0.0737786512704366,0.08365162078196034,0.07206779367239391,0.05005706941632462,0.011743365960233431,0.03719840663980862,0.08609979732652243,0.07951907327591885,0.030441666969596874
10500,"Albany, GA",411,322,89,48,169,123,84,83,70,85,25,5,11,121,90,33,22.941666666666666,60.87023809523809,37.85357142857143,30.66785714285714,27.435714285714287,23.378571428571426,27.386904761904763,8.583333333333334,3.2,2.025,37.17857142857143,30.20357142857143,10.275,0.07124741200828158,0.18903800650695063,0.11755767524401066,0.09524179236912157,0.08520408163265308,0.07260425909494234,0.08505249926057382,0.026656314699792967,0.009937888198757766,0.006288819875776399,0.11546140195208521,0.09379991126885538,0.031909937888198764
10540,"Albany, OR",211,128,83,7,50,49,45,16,50,40,17,1,2,26,43,4,1.667857142857143,17.660714285714285,16.84404761904762,23.001190476190477,6.0928571428571425,17.794047619047618,15.094047619047618,7.126190476190476,0.25,0.8333333333333333,8.591666666666667,11.877380952380951,1.1666666666666665,0.013030133928571429,0.13797433035714285,0.13159412202380952,0.1796968005952381,0.047600446428571426,0.1390159970238095,0.11792224702380952,0.05567336309523809,0.001953125,0.006510416666666666,0.06712239583333333,0.09279203869047618,0.009114583333333332
10580,"Albany-Schenectady-Troy, NY",8645,4966,3679,313,2654,2304,741,948,857,709,553,71,233,1191,1544,368,102.08073593073593,1130.451370851371,1002.7176406926407,279.7021645021645,403.71565656565656,298.29065656565655,283.1926406926407,199.08113275613275,38.52619047619048,107.02301587301586,457.59343434343435,522.5370851370851,141.0882756132756,0.020555927493100264,0.22763821402564854,0.20191656075163925,0.0563234322396626,0.08129594373049868,0.06006658408490868,0.05702630702630701,0.040088830599301795,0.007757992443856317,0.021551151001412777,0.09214527473689776,0.10522293297162405,0.028410848895142084
10740,"Albuquerque, NM",6520,4978,1542,553,3243,2140,1318,1169,944,1008,990,181,256,1752,1739,525,146.07870185370186,1136.1204406704408,676.9736152736152,564.4914002664002,348.1585359085359,252.94302364302365,346.3319125319125,250.66369463869464,69.93342768342768,93.29720834720834,527.5271506271506,438.9759962259962,126.50489232989233,0.029344857744817567,0.2282282926216233,0.13599309266243778,0.11339722785584576,0.06993944072087904,0.050812178313182736,0.06957250151303988,0.050354297838227126,0.014048498931986276,0.018741906056088456,0.10597170563020301,0.08818320534873367,0.02541279476293538
10780,"Alexandria, LA",717,472,245,45,291,183,88,120,127,115,68,15,5,287,128,21,14.994444444444444,101.86349206349206,52.43849206349206,30.991666666666667,37.078968253968256,30.66349206349206,33.25119047619047,21.35238095238095,5.136111111111111,3.533333333333333,97.78015873015873,35.913492063492065,7.002777777777777,0.031767890772128056,0.2158124831853645,0.11109850013451707,0.06566031073446327,0.07855713613128867,0.06496502555824589,0.07044743744955607,0.04523809523809523,0.010881591337099811,0.007485875706214688,0.2071613532418617,0.07608790691417809,0.014836393596986814
10900,"Allentown-Bethlehem-Easton, PA-NJ",2276,1452,824,127,786,618,279,350,409,385,151,35,74,454,563,77,35.067496392496395,274.56233766233765,238.69209956709958,87.79642857142856,123.52186147186147,119.86948051948052,126.03852813852814,51.63333333333333,16.403210678210677,36.718686868686866,149.27781385281386,165.2992424242424,27.11948051948052,0.02415116831439146,0.18909251905119676,0.16438849832444877,0.06046585989767808,0.08507015252883023,0.08255473864977998,0.086803394034799,0.035560146923783294,0.011296977051109283,0.02528835183793862,0.10280841174436219,0.11384245346022207,0.018677328181460416
11020,"Altoona, PA",245,166,79,10,99,59,44,48,72,59,27,0,2,52,63,3,2.3027777777777776,32.7765873015873,17.400396825396825,14.397619047619047,14.66468253968254,21.817063492063493,18.44325396825397,9.75952380952381,0.0,1.1111111111111112,15.209920634920636,17.29206349206349,0.825,0.013872155287817937,0.1974493210938994,0.10482166762287244,0.08673264486517498,0.08834146108242494,0.1314280933256837,0.111103939567795,0.05879231210556512,0.0,0.006693440428380187,0.09162602792120865,0.10416905718110536,0.004969879518072289
11100,"Amarillo, TX",847,700,147,77,322,385,219,86,190,159,35,22,21,169,203,42,22.025,112.19047619047619,162.5265873015873,103.76468253968254,26.761904761904763,60.34920634920635,51.33015873015873,9.965873015873015,6.6646825396825395,7.598412698412698,58.57698412698413,65.08968253968254,13.156349206349207,0.031464285714285715,0.1602721088435374,0.2321808390022676,0.14823526077097507,0.038231292517006805,0.08621315192743764,0.07332879818594104,0.014236961451247164,0.009520975056689342,0.010854875283446712,0.08368140589569162,0.09298526077097506,0.018794784580498866
11180,"Ames, IA",290,120,170,10,55,50,37,16,50,49,30,4,9,22,50,12,2.7785714285714285,19.72142857142857,16.445238095238096,10.145238095238096,3.744047619047619,14.07857142857143,13.628571428571428,10.93452380952381,2.6666666666666665,4.25,4.595238095238095,13.402380952380952,3.6095238095238096,0.023154761904761904,0.1643452380952381,0.1370436507936508,0.0845436507936508,0.031200396825396826,0.11732142857142858,0.11357142857142857,0.09112103174603176,0.02222222222222222,0.035416666666666666,0.03829365079365079,0.11168650793650793,0.03007936507936508
11200,"Amherst Town-Northampton, MA",834,455,379,25,194,170,109,86,135,107,74,10,22,88,144,29,7.727777777777778,74.24722222222222,62.71388888888889,43.830555555555556,34.71388888888889,47.955555555555556,40.852777777777774,37.09444444444444,5.533333333333333,8.858333333333333,29.030555555555555,51.14722222222222,11.294444444444444,0.016984126984126983,0.16318070818070815,0.13783272283272283,0.09633089133089132,0.07629426129426128,0.10539682539682538,0.08978632478632477,0.08152625152625151,0.012161172161172159,0.019468864468864464,0.06380341880341879,0.11241147741147739,0.02482295482295482
11260,"Anchorage, AK",2747,1868,879,113,1093,976,351,419,264,329,203,68,48,466,427,91,39.88257575757576,455.15321067821066,413.14844877344876,138.39249639249638,162.38892496392495,93.945670995671,125.54130591630592,63.34249639249639,29.241305916305915,14.963492063492064,167.06785714285715,134.46233766233766,30.469877344877343,0.021350415287781456,0.24365803569497357,0.2211715464525957,0.07408591883966616,0.08693197267876068,0.050292115094042286,0.06720626655048496,0.03390925931075824,0.01565380402371837,0.008010434723496822,0.08943675435913123,0.07198197947662616,0.016311497507964318
11460,"Ann Arbor, MI",2587,2034,553,126,970,1076,409,399,531,418,327,115,292,298,537,185,31.28145743145743,355.78820346320344,430.5632034632035,157.2952380952381,139.0453463203463,177.70606060606062,134.0333694083694,110.42882395382395,54.72857142857143,119.2874098124098,89.38740981240981,167.5512987012987,66.9036075036075,0.015379280939752915,0.17492045401337436,0.21168299088653073,0.07733295874888794,0.06836054391364126,0.08736777807574268,0.0658964451368581,0.05429145720443655,0.02690686894226717,0.05864671082222704,0.043946612493810135,0.08237526976465029,0.032892629057820796
11500,"Anniston-Oxford, AL",284,158,126,32,104,45,54,29,52,77,19,0,0,66,40,2,9.652380952380952,34.76190476190476,11.611904761904762,20.426190476190477,8.90952380952381,12.978571428571428,22.11190476190476,8.576190476190476,0.0,0.0,17.345238095238095,10.959523809523809,0.6666666666666666,0.0610910186859554,0.22001205545509345,0.07349306811332129,0.1292796865581676,0.056389391199517795,0.08214285714285716,0.13994876431585293,0.05427968655816758,0.0,0.0,0.10977998794454492,0.06936407474382159,0.0042194092827004225
11540,"Appleton, WI",610,389,221,35,194,196,62,73,123,103,40,5,16,121,120,30,8.969047619047618,67.9047619047619,72.92142857142858,26.495238095238093,21.369047619047617,42.56190476190476,40.07142857142857,17.026190476190475,1.1666666666666665,6.566666666666666,42.84285714285714,34.1047619047619,7.0,0.023056677683927038,0.17456236993512056,0.18745868527359533,0.06811115191577916,0.05493328436773166,0.10941363692006366,0.10301138450238707,0.04376912718815032,0.002999143101970865,0.0168808911739503,0.1101358795446199,0.08767290978087892,0.017994858611825194
11700,"Asheville, NC",1827,1131,696,92,547,469,254,187,283,218,85,13,50,260,370,62,39.637301587301586,216.8972222222222,183.45198412698412,121.47222222222221,67.58690476190476,108.33769841269842,91.97817460317461,32.74960317460317,7.05,21.426190476190477,85.2265873015873,132.19722222222222,22.988888888888887,0.03504624366693332,0.19177473229197367,0.16220334582403548,0.10740249533352982,0.059758536482674415,0.09578930009964493,0.0813246459798184,0.028956324645979817,0.00623342175066313,0.018944465496189635,0.07535507276886587,0.11688525395421948,0.020326161705472048
12020,"Athens-Clarke County, GA",962,701,261,71,343,302,158,115,154,176,61,19,42,196,154,66,22.203968253968252,142.19166666666666,118.43214285714285,61.80277777777778,40.98968253968254,56.025,67.56666666666666,20.184126984126983,9.025,14.27579365079365,68.33214285714286,58.68928571428572,21.28174603174603,0.03167470506985486,0.20284117926771286,0.1689474220501325,0.0881637343477572,0.05847315626202932,0.07992154065620545,0.09638611507370426,0.028793333786201126,0.012874465049928677,0.02036489821796527,0.09747809252088856,0.08372223354391689,0.030359124153703336
12060,"Atlanta-Sandy Springs-Roswell, GA",42374,33912,8462,2572,15511,16111,4916,6221,4076,5151,2306,1296,2998,7655,8035,2112,990.7986402486403,6392.205783105783,7464.501814851815,2089.1442751692753,2915.623495948496,1435.9116994116994,2136.653762903763,848.3005522255522,606.7468364968365,1491.8161005661007,2959.344635919636,3651.8065767565768,929.1458263958264,0.0292167563177825,0.18849391905832102,0.22011387753160577,0.06160486775092225,0.08597615876234065,0.04234228884795056,0.06300583164967453,0.025014760327481487,0.01789180338808789,0.04399080268241627,0.08726541153336978,0.1076847893594178,0.027398732790629463
12100,"Atlantic City-Hammonton, NJ",1803,1161,642,108,604,500,176,224,217,177,139,14,23,345,422,83,32.128571428571426,237.79761904761904,213.3642857142857,75.1313492063492,102.0079365079365,66.93928571428572,67.03968253968254,52.64523809523809,5.199999999999999,10.783333333333333,136.85714285714286,136.6654761904762,24.440079365079363,0.027673188138304414,0.20482137730199745,0.18377630121816166,0.06471261774879346,0.08786213308177132,0.057656576842623354,0.05774305128310297,0.04534473565481317,0.004478897502153315,0.009287970140683319,0.1178786760182109,0.11771358845002257,0.02105088661936207
12220,"Auburn-Opelika, AL",456,281,175,29,168,105,105,45,77,94,43,5,4,118,88,18,10.181349206349207,59.87380952380952,31.735714285714284,28.864285714285714,12.156746031746032,17.89761904761905,26.423809523809524,18.542857142857144,1.9166666666666665,0.6361111111111111,39.614285714285714,27.690079365079367,5.466666666666667,0.036232559453200024,0.21307405524487374,0.11293848500254193,0.1027198779867819,0.04326244139411399,0.06369259447551263,0.09403490933740044,0.06598881545500764,0.006820877817319098,0.002263740608936338,0.14097610574478903,0.09854120770490878,0.019454329774614473
12260,"Augusta-Richmond County, GA-SC",1432,1008,424,104,539,389,271,234,264,277,121,20,43,386,298,63,35.03968253968254,190.17698412698414,128.6579365079365,101.74087301587302,73.10674603174603,76.4734126984127,98.06825396825397,40.44126984126984,5.468253968253968,14.397619047619047,125.97936507936508,102.00753968253969,16.442063492063493,0.03476158982111363,0.1886676429831192,0.12763684177374654,0.1009334057697153,0.0725265337616528,0.0758664808515999,0.09728993449231545,0.040120307382212145,0.0054248551272360794,0.014283352229780801,0.12497952884857647,0.10119795603426557,0.016311570924666164
12420,"Austin-Round Rock-San Marcos, TX",18391,14466,3925,1001,7965,8206,2396,2350,2318,2188,928,526,1861,2502,3379,1207,281.03834776334776,3326.276479076479,3480.533621933622,1147.6737012987012,817.8629509379509,763.6193362193362,820.3875541125541,290.3693362193362,229.5151515151515,877.8893578643579,840.0034632034632,1134.2578282828283,456.5728715728716,0.019427509177612868,0.229937541758363,0.2406009693027528,0.07933593953399012,0.05653691075196674,0.052787179332181404,0.05671143053453298,0.02007253810447506,0.015865833783710183,0.06068639277370094,0.058067431439476236,0.07840853230214491,0.03156179120509274
12540,"Bakersfield-Delano, CA",1148,790,358,56,331,361,172,205,137,117,74,24,38,150,208,37,18.90833333333333,127.43571428571428,135.88571428571427,109.6595238095238,95.19285714285714,50.81071428571428,57.55119047619048,31.46785714285714,9.083333333333332,16.476190476190474,56.51785714285714,65.80952380952381,15.201190476190476,0.02393459915611814,0.16131103074141048,0.17200723327305603,0.1388095238095238,0.12049728752260397,0.06431735985533453,0.07284960819770947,0.039832730560578664,0.011497890295358647,0.020855937311633512,0.07154159132007233,0.08330319469559976,0.019242013261000602
12580,"Baltimore-Columbia-Towson, MD",20373,13862,6511,1166,7436,6396,2576,2615,2634,2387,1774,385,851,3521,3596,1061,369.86079753579753,3016.163575313575,2644.046908646909,989.2441308691309,955.352861027861,930.6766705516706,839.843734043734,594.14560994561,162.62335164835164,347.88893606393606,1234.2040515040514,1369.2254800754802,408.72389277389277,0.02668163306418969,0.2175850220252182,0.1907406513235398,0.07136373761860704,0.06891883285441212,0.06713870080447774,0.0605860434312317,0.04286146370982614,0.011731593684053644,0.025096590395609294,0.08903506359140466,0.09877546386347424,0.029485203633955615
12620,"Bangor, ME",562,362,200,36,210,150,89,86,109,93,45,16,22,95,143,9,9.475793650793651,73.32103174603175,52.69484126984127,33.41031746031746,26.20079365079365,34.69484126984127,28.351984126984128,15.752380952380951,6.241666666666667,8.125,26.561507936507937,44.1031746031746,3.0666666666666664,0.026176225554678596,0.20254428659124793,0.14556585986143997,0.09229369464176093,0.07237788301324212,0.09584210295536262,0.07832039814084013,0.04351486450933965,0.01724217311233886,0.02244475138121547,0.07337433131632026,0.12183197404191878,0.008471454880294658
12700,"Barnstable Town, MA",1779,1003,776,63,384,393,169,117,329,192,125,9,41,180,397,64,22.052380952380954,159.2746031746032,168.72698412698412,75.83055555555555,41.81111111111111,130.46507936507936,77.25555555555556,59.85674603174603,2.5595238095238093,21.541666666666668,60.849603174603175,156.30555555555554,26.47063492063492,0.021986421687318996,0.15879820854895632,0.16822231717545774,0.07560374432258779,0.041686052952254346,0.13007485480067732,0.07702448210922788,0.05967771289306683,0.002551868204909082,0.021477234961781323,0.060667600373482726,0.15583804143126176,0.026391460539017867
12940,"Baton Rouge, LA",6293,3602,2691,272,2134,1840,523,622,636,566,395,49,127,1583,827,212,88.43849206349206,842.125,717.6083333333333,198.69880952380953,205.81190476190477,200.12579365079364,199.83333333333334,147.52579365079364,21.313492063492063,51.84880952380952,586.4559523809523,268.1174603174603,74.0968253968254,0.024552607457937827,0.23379372570794,0.1992249676105867,0.05516346738584384,0.05713823008381586,0.055559631774234765,0.05547843790486766,0.04095663343997602,0.005917127169209345,0.014394450173184208,0.1628139790063721,0.07443571913310947,0.020571023152922096
12980,"Battle Creek, MI",278,224,54,19,100,96,93,40,95,89,38,6,9,35,76,14,4.192857142857143,29.62579365079365,34.092460317460315,36.66626984126984,13.910714285714285,27.309126984126983,29.373412698412697,10.852777777777778,1.5095238095238095,3.5095238095238095,8.326190476190476,21.11626984126984,3.515079365079365,0.01871811224489796,0.13225800736961452,0.1521984835600907,0.16368870464852606,0.06210140306122448,0.1219157454648526,0.1311313066893424,0.048449900793650795,0.006738945578231292,0.01566751700680272,0.03717049319727891,0.09426906179138321,0.015692318594104308
13020,"Bay City, MI",222,178,44,41,93,63,71,33,65,72,33,0,3,42,48,7,10.542460317460318,27.95793650793651,18.203968253968252,29.994444444444444,10.742460317460317,18.08888888888889,24.20793650793651,10.951984126984128,0.0,0.9166666666666666,11.713888888888889,12.846031746031747,1.8333333333333333,0.05922730515427145,0.15706705903335116,0.10226948457285535,0.16850811485642947,0.06035090065988942,0.10162297128589264,0.1359996433030141,0.061528000713393975,0.0,0.005149812734082397,0.0658083645443196,0.07216871767433565,0.010299625468164793
13140,"Beaumont-Port Arthur, TX",1028,847,181,66,525,423,259,166,274,241,80,22,36,513,246,41,15.019841269841269,159.3357142857143,115.01071428571429,101.36865079365079,40.08531746031746,75.64285714285714,65.00595238095238,23.23611111111111,5.215873015873016,7.656349206349207,171.00238095238095,55.04047619047619,13.379761904761905,0.01773298851220929,0.18811772642941474,0.13578596727947378,0.1196796349393752,0.04732623076778921,0.08930679709900488,0.07674846798223421,0.027433425160697886,0.0061580555087048594,0.009039373325087611,0.20189183111261033,0.06498285264519031,0.01579664923820768
13220,"Beckley, WV",259,128,131,14,73,45,32,25,37,40,16,0,1,56,56,3,3.242857142857143,23.29047619047619,16.097619047619048,11.566666666666666,7.8809523809523805,9.607142857142858,13.373809523809523,6.7595238095238095,0.0,0.2,17.84047619047619,17.357142857142858,0.7833333333333333,0.02533482142857143,0.18195684523809524,0.1257626488095238,0.09036458333333333,0.06156994047619047,0.07505580357142858,0.1044828869047619,0.05280877976190476,0.0,0.0015625,0.13937872023809522,0.13560267857142858,0.006119791666666667
13380,"Bellingham, WA",799,621,178,41,295,244,142,103,131,113,172,41,44,129,206,28,11.271825396825397,107.09563492063492,81.48611111111111,67.41150793650793,34.08134920634921,38.62261904761905,42.14404761904762,68.75277777777778,19.15833333333333,20.37579365079365,45.41825396825397,78.40277777777777,6.778968253968253,0.01815108759553204,0.17245673900263273,0.13121757022723207,0.10855315287682436,0.054881399688162975,0.062194233571045164,0.067864810980753,0.11071300769368403,0.030850778314546426,0.032811261917542106,0.07313728497303378,0.12625246018965824,0.010916212969353065
13460,"Bend, OR",1014,669,345,61,299,295,139,115,160,159,81,9,45,94,220,43,16.71309523809524,108.63571428571429,118.72380952380952,70.66190476190476,40.8297619047619,60.482142857142854,70.46666666666667,33.20595238095238,7.333333333333333,19.054761904761904,34.121428571428574,73.51666666666667,15.254761904761905,0.02498220513915581,0.16238522314755496,0.17746458822692004,0.10562317602676345,0.06103103423731225,0.09040679051889812,0.10533134030891877,0.04963520535269413,0.010961634280019929,0.028482454267207625,0.05100363015161221,0.10989038365719977,0.022802334685742755
13740,"Billings, MT",951,694,257,113,423,384,115,205,165,135,67,7,32,289,246,83,31.255627705627706,149.11872294372293,118.83300865800865,43.48459595959596,58.23142135642136,44.290151515151514,36.72348484848485,20.858730158730157,1.6166666666666667,7.922294372294372,93.09015151515152,66.28777056277056,22.287373737373738,0.04503692752972292,0.21486847686415408,0.17122911910375888,0.06265791925013826,0.0839069471994544,0.06381866212557855,0.0529156842197188,0.03005580714514432,0.0023294908741594623,0.011415409758349239,0.13413566500742294,0.09551551954289707,0.032114371379501065
13780,"Binghamton, NY",863,625,238,42,301,275,131,142,205,159,61,7,38,137,287,40,10.609595959595959,109.92864357864357,101.72864357864357,46.259595959595956,50.47864357864358,71.36197691197691,51.385786435786436,20.3004329004329,1.7666666666666666,18.007575757575758,37.66911976911977,96.4508658008658,9.052453102453102,0.016975353535353534,0.17588582972582972,0.1627658297258297,0.07401535353535353,0.08076582972582973,0.11417916305916305,0.0822172582972583,0.032480692640692636,0.0028266666666666666,0.028812121212121213,0.060270591630591626,0.15432138528138528,0.014483924963924963
13820,"Birmingham, AL",9218,5880,3338,532,3532,3028,874,1370,879,880,626,78,257,2191,1346,346,188.99769119769118,1383.898484848485,1185.0294372294372,299.88142135642136,498.6084054834055,275.2290404040404,310.3794372294372,280.07189754689756,32.20198412698413,82.85119047619048,785.5091991341991,441.59451659451656,115.74729437229438,0.032142464489403264,0.23535688517831377,0.2015356185764349,0.05100024172728254,0.08479734787132746,0.04680765993265993,0.0527856185764349,0.04763127509300979,0.005476527912752403,0.014090338516358925,0.13358999985275494,0.07510110826437356,0.019684914008893602
13900,"Bismarck, ND",760,382,378,44,219,217,73,65,94,72,58,3,6,109,111,25,10.126587301587302,89.02063492063492,84.64444444444445,31.219444444444445,22.171825396825398,26.353968253968254,21.757142857142856,20.74563492063492,1.4166666666666667,1.8928571428571428,34.359920634920634,32.228968253968254,6.061904761904762,0.026509390841851572,0.23303831131056257,0.22158231529959277,0.0817262943571844,0.05804142774038061,0.06898944569101637,0.0569558713537771,0.05430794481841601,0.003708551483420593,0.004955123410620792,0.08994743621706972,0.08436902684284882,0.015868860633258534
13980,"Blacksburg-Christiansburg-Radford, VA",351,187,164,8,83,67,82,25,45,58,30,3,11,52,55,5,2.1166666666666667,31.095238095238095,28.495238095238093,32.0452380952381,9.526190476190475,13.528571428571428,17.335714285714285,11.402380952380952,2.0,5.533333333333333,16.926190476190477,15.961904761904762,1.0333333333333332,0.011319073083778969,0.16628469569646043,0.1523809523809524,0.17136490960020376,0.05094219505984212,0.07234530175706648,0.09270435446906036,0.06097529921059334,0.010695187165775402,0.029590017825311947,0.09051438757321112,0.08535777947542655,0.005525846702317291
14010,"Bloomington, IL",644,436,208,36,273,169,106,111,137,135,38,8,9,151,155,27,9.592857142857143,102.04642857142856,54.260714285714286,39.775,35.96666666666667,32.92142857142857,40.23452380952381,15.910714285714285,4.4,2.0428571428571427,51.0797619047619,40.87738095238095,6.891666666666667,0.022001965923984276,0.23405144167758848,0.12445117955439058,0.09122706422018349,0.08249235474006118,0.0755078636959371,0.09228101791175186,0.036492463958060294,0.010091743119266057,0.004685452162516383,0.11715541721275667,0.09375546089995633,0.015806574923547402
14020,"Bloomington, IN",847,482,365,29,223,202,104,53,153,123,100,8,28,86,141,29,10.327813852813852,85.91471861471861,79.51471861471862,41.70400432900433,20.636147186147184,47.057575757575755,44.87900432900433,41.21233766233766,3.15,13.707575757575757,37.48095238095238,42.99090909090909,13.424242424242424,0.02142699969463455,0.17824630417991413,0.16496829588115897,0.08652283055810027,0.042813583373749346,0.09762982522318621,0.09310996748756085,0.08550277523306568,0.006535269709543569,0.028438953853891613,0.07776131199367714,0.08919275745001887,0.027851125361498804
14260,"Boise City, ID",3794,2295,1499,223,1242,1268,435,489,454,430,350,53,164,568,736,154,64.0507215007215,458.0364357864358,471.61857864357864,174.7110028860029,156.20508658008657,138.11381673881675,134.99592352092353,158.51778499278498,23.337734487734487,71.79924242424242,171.24238816738816,222.60032467532469,49.770959595959596,0.02790881111142549,0.19958014631217247,0.20549829134796455,0.07612679864313851,0.06806321855341463,0.06018031230449532,0.0588217531681584,0.0690709302800806,0.010168947489208926,0.031285072951739615,0.07461541968077916,0.09699360552301729,0.021686692634405053
14460,"Boston-Cambridge-Newton, MA-NH",57199,31525,25674,1848,14112,15704,3849,4861,5163,4025,3865,1018,3712,5488,8656,2196,649.5865301365301,5987.675419025419,7468.329784104784,1530.0123237873238,1917.7873237873237,1950.8837523587524,1543.9309745809746,1889.0304695304694,543.7308302808302,1810.0349067599068,1953.816292041292,3341.7333555333553,938.4480380730381,0.02060544108283997,0.18993419251468419,0.23690181710086547,0.04853330130966927,0.06083385642465737,0.061883703484813715,0.048974812833655026,0.059921664378444706,0.017247607621913727,0.05741585747057595,0.06197672615515597,0.10600264410890897,0.029768375513815643
14500,"Boulder, CO",3079,1957,1122,111,892,1087,343,278,317,366,165,65,295,291,650,134,35.81150793650794,335.2964285714286,469.31071428571425,145.2968253968254,93.07698412698413,105.41904761904762,144.18928571428572,64.30039682539683,43.98134920634921,134.6781746031746,95.36190476190475,240.51785714285714,49.759523809523806,0.018299186477520664,0.17133184904007592,0.23981130009489743,0.07424467317160215,0.0475610547404109,0.05386767890600287,0.0736787356741368,0.032856615649155256,0.02247386265015289,0.06881868911761604,0.04872861766065649,0.12290130666472004,0.025426430153052532
14540,"Bowling Green, KY",565,407,158,69,272,145,112,120,113,113,66,14,12,179,117,22,15.590873015873015,92.13650793650794,42.61984126984127,37.842460317460315,35.788492063492065,26.793650793650794,29.699603174603173,20.322222222222223,3.5206349206349206,4.1,60.275396825396825,32.9984126984127,5.311904761904762,0.038306813306813306,0.2263796263796264,0.10471705471705471,0.09297901797901797,0.08793241293241294,0.06583206583206583,0.07297199797199797,0.04993174993174993,0.00865020865020865,0.010073710073710072,0.1480967980967981,0.08107718107718108,0.01305136305136305
14580,"Bozeman, MT",640,412,228,21,245,252,76,87,85,69,51,1,34,138,182,17,4.270238095238096,85.42023809523809,90.47023809523809,26.413492063492065,23.909523809523808,25.81904761904762,21.724206349206348,14.430555555555555,0.16666666666666666,11.547222222222222,42.09166666666667,60.95357142857143,4.783333333333333,0.01036465557096625,0.20733067498844193,0.21958795654184,0.0641104176298351,0.058032824780397584,0.062667591308368,0.052728656187394043,0.035025620280474644,0.0004045307443365695,0.028027238403451993,0.10216423948220064,0.14794556171983356,0.011610032362459544
14740,"Bremerton-Silverdale-Port Orchard, WA",1078,817,261,69,426,354,190,137,223,149,227,19,50,182,276,52,16.284126984126985,147.4892857142857,121.28095238095239,76.83611111111111,48.13214285714286,64.71309523809524,45.88055555555555,87.77579365079364,6.412301587301587,20.055555555555554,60.87619047619047,104.53412698412698,16.729761904761904,0.019931611975675625,0.18052544151075364,0.1484466981407006,0.094046647626819,0.05891327155097046,0.07920819490586933,0.05615735074119407,0.10743671193487596,0.00784859435410231,0.02454780361757106,0.07451186104796877,0.12794874783858873,0.020477064754910533
15180,"Brownsville-Harlingen, TX",765,617,148,53,335,266,275,123,147,181,49,114,15,269,181,26,12.190079365079365,109.24126984126984,69.14007936507936,105.11031746031746,30.568253968253966,34.65238095238095,45.03888888888889,12.823412698412698,56.12301587301587,4.878968253968254,85.03650793650793,42.3984126984127,9.798412698412697,0.019757016799156188,0.17705230120140983,0.11205847547014484,0.17035707854184357,0.04954336137480384,0.05616269198116849,0.07299657842607601,0.0207834889763577,0.09096112783308895,0.007907566051812406,0.13782254122610688,0.06871703840909676,0.015880733708934683
15260,"Brunswick-St. Simons, GA",626,458,168,45,246,227,106,93,104,106,51,18,22,160,155,40,10.78953823953824,87.49072871572871,84.87406204906205,40.88055555555555,28.508189033189034,27.73001443001443,35.64390331890332,18.539141414141415,4.786363636363637,4.934920634920635,50.73596681096681,53.39787157287157,9.688744588744589,0.023557943754450302,0.19102779195573952,0.18531454595865074,0.08925885492479377,0.062244954220936746,0.06054588303496599,0.07782511641681947,0.04047847470336553,0.010450575625248114,0.010774935884106189,0.11077722011128123,0.11658923924207766,0.021154464167564602
15380,"Buffalo-Cheektowaga, NY",7165,4549,2616,321,2192,2034,734,869,861,688,449,137,273,1456,1417,334,101.0079365079365,883.4865079365079,832.8666666666667,281.50674603174605,367.0496031746032,296.05833333333334,267.9876984126984,156.87460317460318,81.67619047619047,107.60198412698412,574.1607142857142,479.94603174603174,118.77698412698413,0.0222044265790144,0.19421554362200658,0.18308785813731956,0.06188321521911322,0.08068797607707258,0.0650820693192643,0.05891134280340699,0.03448551399749465,0.017954757194150465,0.02365398639854564,0.1262169079546525,0.10550583243482782,0.026110570263131266
15500,"Burlington, NC",350,181,169,18,83,76,62,32,45,48,17,5,9,46,43,12,5.767857142857142,32.541666666666664,29.59404761904762,25.81904761904762,11.217857142857143,13.727380952380953,18.777380952380952,6.15,0.9428571428571428,3.0666666666666664,15.676190476190476,14.077380952380953,3.6416666666666666,0.03186661404893448,0.1797882136279926,0.16350302551960008,0.14264667192843986,0.061977111286503545,0.07584188371481189,0.10374243620099972,0.03397790055248619,0.005209155485398578,0.016942909760589316,0.08660878716127333,0.07777558537227044,0.020119705340699814
15540,"Burlington-South Burlington, VT",1395,946,449,61,489,526,128,202,152,138,83,34,69,222,311,55,17.03268398268398,192.00609668109666,223.63943001443002,52.89419191919192,78.91323953823954,50.12038239538239,47.8774531024531,31.588239538239538,16.30952380952381,29.4024531024531,76.54657287157288,111.33943001443001,18.33030303030303,0.018004951355902726,0.20296627556141295,0.2364053171399894,0.05591352211331069,0.08341780078038005,0.05298137673930485,0.05061041554170518,0.03339137371906928,0.01724051142655794,0.0310808172330371,0.08091603897629267,0.1176949577319556,0.019376641681081424
15940,"Canton-Massillon, OH",1269,934,335,123,472,498,218,242,362,271,167,6,48,268,323,104,27.597041847041847,144.54108946608946,170.30299422799422,71.23394660894661,84.38513708513709,104.00418470418471,76.21727994227994,49.93116883116883,2.75,23.359523809523807,67.89227994227994,86.41251803751804,25.3728354978355,0.029547154011822105,0.15475491377525638,0.1823372529207647,0.07626760878902207,0.09034811251085341,0.11135351681390226,0.08160308344997853,0.053459495536583336,0.0029443254817987153,0.02501019679820536,0.07268980721871514,0.09251875592882017,0.027165776764277838
15980,"Cape Coral-Fort Myers, FL",2675,1886,789,191,1009,792,399,302,597,383,192,55,61,565,789,147,46.968650793650795,361.4742063492063,269.46230158730157,163.54325396825396,107.14206349206349,201.13611111111112,135.17738095238096,57.524206349206345,17.86904761904762,24.979761904761904,208.89523809523808,248.4218253968254,43.40595238095238,0.024903844535339763,0.19166182733255901,0.14287502735275798,0.08671434462791833,0.05680915349526166,0.10664693059974079,0.0716741150330758,0.030500639633725526,0.009474574559410191,0.013244836640912992,0.11076099580871585,0.1317188893938629,0.023014820986719184
16020,"Cape Girardeau, MO-IL",273,192,81,38,114,89,70,59,82,69,33,0,1,84,62,11,7.175,36.7297619047619,24.929761904761904,21.11904761904762,15.273809523809524,18.922619047619047,16.070238095238096,10.831349206349206,0.0,1.0,22.913095238095238,14.717460317460317,2.317857142857143,0.037369791666666666,0.19130084325396823,0.12984250992063492,0.1099950396825397,0.07955109126984126,0.09855530753968254,0.08369915674603175,0.056413277116402115,0.0,0.005208333333333333,0.1193390376984127,0.07665343915343915,0.01207217261904762
16180,"Carson City, NV",507,281,226,25,171,147,37,56,61,52,33,4,15,46,90,23,5.917857142857143,72.8702380952381,51.88809523809524,17.520238095238096,22.377380952380953,15.363095238095237,17.379761904761903,12.842857142857143,2.0,7.25,15.19404761904762,30.470238095238095,9.926190476190476,0.02105998983223183,0.2593246907303847,0.18465514319606852,0.062349601762413165,0.07963480765971871,0.05467293679037452,0.061849686493814615,0.04570411794611084,0.00711743772241993,0.025800711743772246,0.054071343840027125,0.10843501101508221,0.035324521267581774
16220,"Casper, WY",356,221,135,29,128,123,66,60,63,50,47,3,5,93,55,9,6.671428571428572,36.46666666666667,43.7,21.589285714285715,14.057142857142857,18.17142857142857,13.070238095238095,21.74404761904762,0.6,1.7619047619047619,25.538095238095238,13.888095238095238,3.7416666666666667,0.030187459599224302,0.1650075414781297,0.19773755656108596,0.09768907563025209,0.06360698125404007,0.08222365869424691,0.05914134884723119,0.09838935574229692,0.002714932126696832,0.007972419737125619,0.11555699202758024,0.06284205990088342,0.016930618401206635
16300,"Cedar Rapids, IA",1156,707,449,78,377,342,136,205,182,167,91,8,33,173,184,80,23.238095238095237,141.15515873015872,124.43849206349206,55.69920634920635,73.76904761904761,52.71230158730159,52.86785714285714,36.46349206349206,1.95,13.681746031746032,56.38174603174603,51.23849206349206,23.40436507936508,0.03286859298174715,0.1996536898587818,0.17600918255090814,0.07878247008374308,0.10434094429851147,0.07455771087312812,0.07477773287532835,0.05157495341370871,0.002758132956152758,0.019351833142497922,0.07974787274645832,0.07247311465840461,0.033103769560629534
16540,"Chambersburg, PA",242,139,103,12,68,72,27,26,68,37,20,2,1,33,59,6,3.1083333333333334,20.725,24.625,8.008333333333333,10.241666666666667,20.575,11.725,7.016666666666667,0.49999999999999994,0.25,11.741666666666667,17.53333333333333,2.95,0.0223621103117506,0.14910071942446043,0.17715827338129497,0.05761390887290167,0.07368105515587531,0.14802158273381294,0.08435251798561151,0.05047961630695444,0.003597122302158273,0.0017985611510791368,0.08447242206235012,0.12613908872901677,0.021223021582733814
16580,"Champaign-Urbana, IL",882,588,294,30,329,259,100,157,211,162,96,12,35,181,255,71,6.723015873015873,110.56507936507936,82.00555555555556,37.179761904761904,48.532539682539685,58.69603174603174,47.62936507936508,29.017460317460316,4.677777777777778,13.103571428571428,59.18293650793651,72.4984126984127,18.188492063492063,0.01143370046431271,0.18803584926033903,0.13946523053665913,0.06323088759313249,0.08253833279343484,0.09982318324155058,0.08100232156354606,0.04934942230860598,0.007955404383975812,0.022284985422740523,0.10065125256451787,0.12329662023539574,0.030932809631789224
16620,"Charleston, WV",2424,1583,841,116,1086,790,183,491,159,165,146,8,25,669,318,106,34.635714285714286,456.65396825396823,327.5642857142857,63.90555555555555,172.47261904761905,40.24801587301587,48.15277777777778,50.48373015873016,4.0,9.325,245.59920634920636,95.62539682539682,34.333730158730155,0.021879794242396895,0.28847376390016943,0.2069262701922209,0.04036990243560047,0.10895301266432031,0.025425152162359996,0.03041868463536183,0.03189117508447894,0.002526847757422615,0.005890713834491471,0.15514795094706654,0.060407704880225406,0.021689027263885125
16700,"Charleston-North Charleston, SC",5527,3370,2157,184,1866,1570,578,623,529,574,263,51,164,1420,1071,166,67.27662337662338,707.8920995670995,604.4909090909091,208.5504329004329,231.5754329004329,179.86709956709956,221.08095238095237,90.29329004329004,22.758333333333333,57.08614718614719,537.040909090909,384.2587662337662,57.82900432900433,0.019963389726001,0.21005700283890194,0.17937415700026976,0.06188440145413439,0.06871674566778424,0.053373026577774346,0.0656026564928642,0.02679326114044215,0.0067532146389713155,0.016939509550785516,0.15935932020501753,0.11402337276966357,0.017159941937390007
16740,"Charlotte-Concord-Gastonia, NC-SC",12365,7507,4858,642,3236,3936,1246,1438,1265,1171,472,202,547,1462,2218,503,241.02031024531024,1260.6647546897548,1860.5588023088023,505.6012626262626,614.700468975469,444.4449134199134,478.34451659451656,170.96829004329004,98.445670995671,255.1258658008658,501.1627344877345,880.9576118326119,195.00479797979798,0.03210607569539233,0.16793189752094773,0.24784318666695113,0.06735064108515552,0.08188363780144783,0.05920406466230363,0.06371979706867144,0.022774515791033706,0.013113849872874781,0.033985062714914846,0.06675938916847401,0.1173514868566154,0.025976395095217524
16820,"Charlottesville, VA",1971,905,1066,67,427,457,185,122,191,192,105,18,63,178,232,44,24.257936507936506,168.9031746031746,201.8031746031746,70.2579365079365,43.39365079365079,72.5531746031746,68.75079365079365,44.55,9.083333333333334,30.659523809523808,73.86746031746031,79.37698412698413,17.54285714285714,0.02680434973252653,0.18663334210295537,0.22298693326317637,0.07763307901429449,0.04794878540734895,0.08016925370516531,0.07596772779093222,0.04922651933701658,0.010036832412523022,0.03387792686135228,0.08162150311321582,0.08770937472594932,0.019384372533543803
16860,"Chattanooga, TN-GA",2327,1674,653,206,1002,850,453,478,441,397,288,57,110,555,516,139,58.98532856032856,324.66826506826504,283.2222333222333,155.48846708846708,144.5281857031857,124.35834443334443,112.16866189366189,75.07143967143968,18.475732600732602,33.18648296148296,148.99643967143967,153.14921744921745,41.701201576201576,0.03523615804081754,0.19394758964651437,0.16918890879464354,0.0928843889417366,0.0863370284965267,0.07428813884907075,0.06700636911210388,0.04484554341185166,0.011036877300318161,0.019824661267313595,0.08900623636286718,0.09148698772354687,0.024911112052689113
16940,"Cheyenne, WY",957,525,432,61,354,328,114,145,145,115,87,8,18,194,171,64,17.592496392496393,114.66356421356421,105.01356421356421,36.82388167388167,35.36832611832612,34.60165945165945,29.22308802308802,34.69650072150072,2.6,5.590909090909091,52.5492784992785,40.39570707070707,15.881024531024531,0.03350951693808837,0.21840678897821755,0.20002583659726517,0.07014072699786986,0.06736824022538308,0.06590792276506562,0.05566302480588194,0.06608857280285851,0.004952380952380953,0.01064935064935065,0.10009386380814952,0.07694420394420394,0.03024957053528482
16980,"Chicago-Naperville-Elgin, IL-IN",85391,55818,29573,4203,26887,27873,5990,9429,7813,6640,5630,1379,5574,10734,14940,4177,1556.4075147075148,11862.802788877789,13123.62263014763,2451.5833444333443,4046.0107253857254,2686.77263014763,2673.8011655011655,2330.780819180819,682.123026973027,2720.354736929737,4188.280963480964,5701.918265068265,1793.541389166389,0.02788361307656159,0.21252647513128003,0.23511452632032015,0.04392101731400882,0.07248577027814908,0.04813451987078774,0.04790213131070919,0.041756795642638914,0.012220484914777079,0.04873615566537205,0.07503459392097467,0.10215196289849628,0.03213195365592442
17020,"Chico, CA",478,332,146,29,139,107,82,66,85,60,41,4,7,73,89,14,10.892857142857142,57.40238095238095,39.16904761904762,48.042857142857144,32.80238095238095,34.05238095238095,26.192857142857143,18.5,1.4761904761904763,3.1166666666666667,24.526190476190475,29.95952380952381,5.866666666666666,0.03280981067125645,0.17289873780837633,0.1179790590935169,0.14470740103270222,0.09880235226620766,0.10256741250717152,0.07889414802065403,0.05572289156626505,0.004446356855995409,0.00938755020080321,0.07387406769936888,0.09023952954675844,0.01767068273092369
17140,"Cincinnati, OH-KY-IN",13092,9176,3916,1049,4787,4698,1915,2043,2247,1822,1213,249,725,2429,2419,906,313.1724136974137,1711.2497946497947,1824.8505883005882,673.4482073482073,768.5986041736041,665.3315406815407,535.0279692529692,402.2806027306027,91.43897213897213,357.6690226440226,727.6093184593185,794.5359057609057,310.7870601620602,0.03412951326257778,0.18649191310481633,0.1988721216543797,0.07339235040847944,0.08376183567715825,0.07250779649973198,0.058307320101674935,0.043840519042131945,0.009965014400498271,0.038978751377944924,0.0792948254641803,0.08658848144735241,0.03386955755907369
17300,"Clarksville, TN-KY",630,447,183,46,268,149,207,99,142,217,105,9,14,179,119,20,12.079365079365079,88.0734126984127,40.79960317460317,68.9063492063492,25.361507936507937,33.961507936507935,58.801984126984124,25.95515873015873,2.426190476190476,2.8206349206349204,51.94325396825397,30.721825396825395,5.14920634920635,0.027023188097013602,0.1970322431731828,0.0912742800326693,0.1541529065018998,0.05673715422037571,0.07597652782216541,0.13154806292390187,0.058065232058520655,0.005427719186108448,0.006310145236319733,0.11620414757998652,0.06872891587656689,0.011519477291289375
17410,"Cleveland, OH",17741,12370,5371,1212,6523,6739,2338,3009,2702,1880,1695,303,1127,3381,3167,1164,351.39274614274615,2339.903857253857,2617.3669524919524,816.338381063381,1082.4784604284605,831.0026667776667,558.215762015762,581.7111804861805,128.97110112110113,534.0454517704518,1125.1967143967145,990.1578255078255,413.21890054390053,0.028406850941208258,0.1891595680884282,0.21158989106644724,0.06599340186446087,0.08750836381798387,0.06717887362794396,0.04512657736586597,0.04702596446937595,0.010426119734931377,0.04317263150933321,0.0909617392398314,0.08004509502892687,0.03340492324526278
17420,"Cleveland, TN",197,134,63,16,69,54,53,35,49,54,36,3,4,57,38,6,4.80515873015873,20.49047619047619,15.188095238095238,17.522222222222222,8.53531746031746,12.407142857142857,13.540476190476191,10.15079365079365,1.2777777777777777,1.0595238095238095,15.821031746031746,11.113095238095237,2.088888888888889,0.03585939350864724,0.1529140014214641,0.11334399431414358,0.13076285240464344,0.06369639895759298,0.09259061833688699,0.10104832977967307,0.07575219142383322,0.009535655058043118,0.007906894100923953,0.11806740108978915,0.08293354655294953,0.01558872305140962
17660,"Coeur d'Alene, ID",534,357,177,45,202,171,92,76,112,92,76,1,23,101,155,25,10.942135642135643,67.41832611832612,48.675468975468974,31.68380230880231,20.410786435786434,33.89213564213564,32.38816738816739,24.754040404040403,0.125,6.3845238095238095,29.192135642135643,43.78499278499278,7.348484848484849,0.03065023989393737,0.18884685187206193,0.13634585147190187,0.08875014652325576,0.05717307124870149,0.09493595417965164,0.09072315795004869,0.06933904875081344,0.0003501400560224089,0.017883820194744562,0.08177068807320907,0.12264703861342514,0.020583991172226465
17780,"College Station-Bryan, TX",653,501,152,45,232,254,167,84,179,146,47,19,39,142,192,25,9.14606782106782,72.4222582972583,80.53654401154401,77.3333694083694,19.21154401154401,49.36630591630592,44.36749639249639,12.66984126984127,7.1829725829725835,14.622655122655122,47.60003607503607,58.80638528138528,7.734523809523809,0.018255624393348942,0.14455540578295067,0.16075158485338123,0.1543580227711964,0.038346395232622774,0.09853554075110961,0.08855787703093092,0.025289104331020495,0.014337270624695773,0.02918693637256511,0.09501005204598018,0.11737801453370314,0.015438171276494628
17820,"Colorado Springs, CO",2603,1516,1087,101,678,624,425,237,324,421,194,30,88,327,372,101,35.01468253968254,247.68849206349205,234.8956349206349,193.61388888888888,87.52857142857142,123.25238095238095,188.59563492063492,75.73690476190477,14.825,32.833333333333336,129.4670634920635,119.50158730158729,33.0468253968254,0.02309675629266658,0.16338291033211877,0.1549443502115006,0.12771364702433302,0.05773652468903128,0.08130104284457847,0.12440345311387528,0.04995838044980526,0.009779023746701846,0.02165787159190853,0.08540043765967248,0.07882690455249822,0.02179869749130963
17860,"Columbia, MO",897,599,298,57,324,233,197,151,174,167,66,5,16,193,138,44,20.256349206349206,129.28531746031746,80.67579365079365,74.64246031746032,45.52579365079365,50.78650793650794,55.95674603174603,26.136904761904763,4.25,6.10515873015873,55.801984126984124,35.99126984126984,13.585714285714285,0.03381694358322071,0.21583525452473698,0.13468412963404616,0.12461178684050137,0.07600299440867053,0.0847854890425842,0.09341693828338235,0.0436342316559345,0.0070951585976627716,0.010192251636325093,0.0931585711635795,0.06008559238943212,0.02268065823992368
17900,"Columbia, SC",5545,3189,2356,330,1866,1354,563,694,481,546,226,37,87,952,949,184,126.10043290043289,779.102417027417,540.9655122655123,227.65717893217894,281.6488455988456,154.87741702741704,210.75321067821068,85.90162337662338,14.891666666666666,29.817063492063493,336.87940115440114,339.9595598845599,60.445670995670994,0.039542311978812444,0.24430931860376826,0.16963484235356296,0.07138826557923454,0.0883188603320306,0.04856613892361776,0.06608755430486381,0.026936852736476443,0.004669697919933103,0.009349972873020852,0.10563794329081252,0.10660381307135776,0.018954428032508935
17980,"Columbus, GA-AL",856,631,225,57,323,243,137,115,150,147,76,17,22,236,156,39,16.905158730158732,125.05436507936508,83.1781746031746,55.75079365079365,44.60079365079365,46.521031746031746,56.361507936507934,26.924603174603174,9.833333333333334,8.883333333333333,90.33373015873016,53.85912698412698,12.79404761904762,0.02679105979422937,0.19818441375493673,0.13181961109853343,0.0883530802706714,0.070682715769879,0.07372588232334666,0.08932093175357834,0.04266973561743768,0.015583729529846805,0.014078182778658214,0.14315963575076096,0.08535519331874324,0.02027582823937816
18020,"Columbus, IN",247,161,86,8,82,87,46,30,65,66,29,1,6,41,52,6,2.2928571428571427,26.69047619047619,31.323809523809523,12.045238095238096,8.023809523809524,19.961904761904762,19.107142857142858,8.411904761904761,0.16666666666666666,3.95,13.10952380952381,14.157142857142857,1.7595238095238095,0.014241348713398404,0.16577935522034903,0.19455782312925174,0.07481514344868384,0.04983732623484177,0.12398698609878736,0.11867790594498671,0.052247855664004736,0.0010351966873706005,0.024534161490683236,0.08142561372375039,0.08793256433007987,0.010928719313812483
18140,"Columbus, OH",15189,11059,4130,1036,6290,6218,2311,2714,2253,1921,1488,346,581,2347,2790,1397,313.05169552669554,2348.092171717172,2389.056060606061,846.277886002886,1024.3755050505051,649.184632034632,622.6219336219336,472.03737373737374,156.42662337662338,211.14054834054835,717.2607864357864,854.5830447330447,454.89173881673884,0.028307414370801653,0.21232409546226344,0.21602821779600873,0.0765239068634493,0.09262822181485712,0.05870192892979763,0.0563000211250505,0.04268354948344097,0.014144734910626943,0.019092191729862405,0.06485765317260025,0.07727489327543581,0.041133171065805114
18580,"Corpus Christi, TX",1379,1120,259,121,607,520,372,210,308,293,84,52,24,517,299,61,32.27344877344877,204.10717893217893,164.23376623376623,157.00559163059162,56.613095238095234,82.36194083694083,91.31511544011543,21.528210678210677,15.291305916305916,7.298015873015873,188.25797258297257,80.08455988455988,19.62979797979798,0.02881557926200783,0.18223855261801689,0.14663729128014844,0.14018356395588538,0.05054740646258503,0.07353744717584003,0.08153135307153164,0.019221616676973818,0.013652951710987425,0.0065160856009070295,0.16808747552051123,0.0715040713254999,0.01752660533910534
18700,"Corvallis, OR",251,142,109,4,47,59,37,15,47,43,20,3,10,19,41,7,1.3333333333333333,19.233333333333334,22.35,18.2,6.416666666666666,17.483333333333334,18.15,8.2,1.0833333333333333,6.116666666666667,7.666666666666666,13.35,2.4166666666666665,0.009389671361502348,0.13544600938967136,0.1573943661971831,0.12816901408450704,0.04518779342723004,0.12312206572769954,0.1278169014084507,0.05774647887323943,0.007629107981220656,0.04307511737089202,0.05399061032863849,0.09401408450704225,0.017018779342723004
18880,"Crestview-Fort Walton Beach-Destin, FL",967,682,285,99,388,365,168,95,237,164,93,13,29,171,343,33,22.419444444444444,124.36111111111111,119.5063492063492,61.17301587301587,29.007936507936506,65.84920634920636,50.30396825396826,32.79047619047619,6.25,8.325,51.84047619047619,101.06111111111112,9.111904761904762,0.03287308569566633,0.18234767025089604,0.1752292510357026,0.08969650421263323,0.04253363124330865,0.09655308848857236,0.0737594842433552,0.04807987711213517,0.009164222873900292,0.012206744868035187,0.07601242843178325,0.14818344737699574,0.013360564167015778
19100,"Dallas-Fort Worth-Arlington, TX",42226,33868,8358,3936,15682,20337,5692,5610,6389,5840,2056,1543,3817,7493,9491,2799,1178.5424048174048,5616.684107559107,8726.942837717837,2563.4764957264956,1893.2102258852258,1959.7384726384726,2076.7923687423686,636.6166833166833,642.7659618159618,1610.9031912531912,2502.882484182484,3324.0784798534796,1135.3662864912865,0.03479811045285831,0.1658404425286143,0.2576751753194118,0.07569022368390504,0.05589967597393487,0.057864015372578036,0.0613201951323482,0.018796996672867706,0.018978562708632393,0.04756416650682625,0.07390110086755888,0.09814805952088934,0.03352327525957502
19140,"Dalton, GA",333,261,72,16,161,100,88,72,75,104,36,8,5,108,68,19,4.866666666666666,51.62619047619047,29.80952380952381,31.09285714285714,21.909523809523808,19.966666666666665,32.92619047619048,12.033333333333333,2.7,1.6166666666666667,30.001190476190477,18.909523809523808,3.5416666666666665,0.018646232439335886,0.19780149607735814,0.11421273490239008,0.11912972085385878,0.08394453566867359,0.07650063856960408,0.1261539864988141,0.04610472541507024,0.010344827586206896,0.006194125159642401,0.11494708994708995,0.07245028279511037,0.013569604086845466
19300,"Daphne-Fairhope-Foley, AL",810,478,332,58,276,205,156,70,145,142,59,11,10,194,183,21,16.71230158730159,93.7813492063492,60.69801587301587,53.307539682539684,23.01111111111111,41.84920634920635,43.189682539682536,19.41190476190476,4.1345238095238095,4.934523809523809,58.14801587301587,53.5218253968254,5.3,0.03496297403201169,0.19619529122667198,0.12698329680547252,0.1115220495450621,0.048140399814039975,0.08755064089792124,0.0903549843926413,0.040610679418210796,0.008649631400677425,0.010323271568041442,0.12164856877199973,0.11197034601846317,0.01108786610878661
19340,"Davenport-Moline-Rock Island, IA-IL",1364,864,500,97,457,410,190,256,333,212,115,11,49,279,321,71,22.5515873015873,145.63730158730158,132.66944444444445,69.3952380952381,78.71944444444445,95.5813492063492,59.268253968253966,45.400396825396825,3.533333333333333,29.40714285714286,80.3813492063492,82.53253968253968,18.922619047619047,0.026101374191651972,0.16856169165196944,0.15355259773662555,0.0803185626102293,0.0911104681069959,0.1106265615814227,0.06859751616696062,0.05254675558495003,0.004089506172839506,0.03403604497354498,0.09303396898883011,0.09552377278071723,0.021901179453262788
19430,"Dayton-Kettering-Beavercreek, OH",3415,2405,1010,300,1263,1222,786,550,721,709,390,53,171,691,627,229,80.67146464646464,424.75479797979796,429.0678932178932,251.10321067821067,183.50598845598844,197.1786075036075,194.1051948051948,114.65955988455988,15.351190476190476,81.99920634920635,195.39170274170274,169.49765512265512,67.71352813852813,0.03354322854322855,0.17661322161322163,0.17840660840660844,0.10440881940881942,0.0763018663018663,0.081986946986947,0.08070902070902072,0.04767549267549268,0.006383031383031384,0.0340953040953041,0.08124395124395126,0.07047719547719548,0.02815531315531316
19460,"Decatur, AL",279,156,123,26,88,64,50,33,63,69,24,4,2,59,54,9,8.369047619047619,26.470238095238095,20.05595238095238,15.291666666666666,7.946428571428571,16.553571428571427,17.770238095238096,10.511904761904761,1.7261904761904763,0.39285714285714285,14.008333333333333,14.520238095238096,2.3833333333333333,0.053647741147741144,0.16968101343101344,0.1285637973137973,0.09802350427350427,0.05093864468864469,0.10611263736263735,0.11391178266178266,0.06738400488400488,0.011065323565323566,0.0025183150183150185,0.08979700854700855,0.09307844932844933,0.015277777777777777
19500,"Decatur, IL",311,218,93,35,124,116,40,51,89,54,23,0,9,74,86,7,10.586904761904762,37.66309523809524,39.00119047619047,17.34642857142857,14.983333333333333,23.79642857142857,16.113095238095237,8.50952380952381,0.0,3.283333333333333,20.24642857142857,24.270238095238096,2.2,0.04856378331148974,0.17276649191786808,0.17890454346876367,0.07957077326343383,0.06873088685015291,0.10915792922673657,0.07391328090869376,0.0390345128877239,0.0,0.015061162079510705,0.0928735255570118,0.11133136740934908,0.010091743119266057
19660,"Deltona-Daytona Beach-Ormond Beach, FL",1900,1344,556,130,757,557,365,208,415,345,201,60,75,388,468,78,32.708730158730155,275.03809523809525,173.27142857142857,168.7253968253968,63.9984126984127,118.11190476190475,107.49404761904762,58.099603174603175,23.892857142857142,26.151587301587302,136.08928571428572,136.15873015873015,24.259920634920636,0.024336852796674222,0.20464143990929706,0.12892219387755102,0.1255397297808012,0.04761786659108088,0.08788088151927437,0.07998069019274376,0.043228871409674983,0.017777423469387755,0.01945802626606198,0.10125690901360544,0.10130857898715041,0.018050536186696903
19740,"Denver-Aurora-Centennial, CO",27863,17317,10546,1251,8718,9590,2599,3032,2302,2527,1383,402,1576,3440,5198,1205,427.40090187590187,3465.4794733044732,4286.399711399711,1126.737012987013,1184.4751082251082,798.3326479076479,1031.850505050505,552.8067821067821,202.60436507936507,674.2171717171717,1227.9874098124099,1881.0468975468975,457.662012987013,0.02468100143650181,0.20012008276863621,0.2475255362591506,0.06506537004025022,0.06839955582520692,0.04610109417957198,0.05958598516200872,0.03192278004889889,0.011699738123194841,0.03893383217169092,0.07091224864655597,0.10862429390465424,0.02642848143367864
19780,"Des Moines-West Des Moines, IA",5295,2790,2505,176,1510,1314,483,776,578,579,357,51,179,732,701,225,57.3281746031746,612.7031746031746,527.4353174603175,178.39444444444445,276.4404761904762,181.7079365079365,194.17460317460316,123.76865079365079,19.187301587301587,84.70238095238095,243.58412698412698,219.19722222222222,71.37619047619047,0.02054773283267907,0.21960687261762535,0.18904491665244358,0.06394066109119874,0.09908260795357572,0.06512829265517438,0.06959663196222336,0.044361523581953693,0.006877169027706663,0.030359276327018268,0.08730613870398818,0.07856531262445242,0.025582863969960748
19820,"Detroit-Warren-Dearborn, MI",25457,21277,4180,1793,10808,10663,4670,4319,5080,4114,3135,867,1909,5184,6411,1831,527.3183538683538,3905.3186063936064,3861.630907980908,1637.4134476634476,1586.8994866244866,1579.4427766677766,1349.0384115884115,1062.3370768120767,348.1484765234765,870.2960234210234,1862.0971778221779,2052.037654012654,635.0216006216007,0.02478349174546947,0.1835464871172443,0.18149320430422092,0.07695696985775476,0.07458285879703373,0.07423240008778384,0.0634036006762425,0.04992889396118235,0.016362667505920785,0.040903135941205225,0.08751690453645618,0.09644393730378598,0.02984544816570009
20020,"Dothan, AL",409,275,134,37,166,99,103,74,86,109,51,8,2,158,89,14,10.895238095238096,49.078968253968256,28.533730158730158,30.389285714285712,19.04047619047619,21.16706349206349,25.44325396825397,18.65753968253968,3.5095238095238095,0.6666666666666666,42.27896825396825,21.27261904761905,4.066666666666666,0.03961904761904762,0.17846897546897547,0.10375901875901876,0.1105064935064935,0.06923809523809524,0.07697113997113997,0.09252092352092353,0.06784559884559885,0.012761904761904763,0.0024242424242424242,0.15374170274170273,0.07735497835497836,0.014787878787878787
20100,"Dover, DE",452,253,199,25,132,105,55,55,47,54,14,3,9,101,72,9,9.427777777777777,50.53015873015873,40.46349206349206,20.03015873015873,21.763492063492063,12.513492063492063,20.627777777777776,5.794444444444444,0.8611111111111112,4.75,39.30238095238095,22.652380952380952,4.283333333333333,0.037263943785682915,0.1997239475500345,0.15993475123909906,0.07917058786624004,0.08602170776083819,0.0494604429387038,0.08153271848924022,0.022902942468159857,0.0034036012296881865,0.018774703557312252,0.15534537925842273,0.08953510257858084,0.016930171277997366
20220,"Dubuque, IA",278,164,114,19,90,76,40,44,56,47,43,1,8,45,68,17,6.542857142857143,28.81031746031746,23.434126984126983,13.370238095238095,11.657936507936508,14.976984126984126,15.334126984126984,15.668650793650793,0.16666666666666666,2.192857142857143,10.693650793650793,16.036507936507935,5.115079365079365,0.03989547038327526,0.17567266744096013,0.14289101819589625,0.08152584204413472,0.07108497870692992,0.09132307394502516,0.09350077429345721,0.0955405536198219,0.001016260162601626,0.013371080139372823,0.06520518776616337,0.09778358497870691,0.031189508323654663
20260,"Duluth, MN-WI",858,515,343,40,270,239,119,134,162,147,57,1,17,144,177,17,11.135714285714286,94.96309523809524,80.99642857142857,51.444047619047616,45.30357142857143,47.14404761904762,50.403571428571425,22.154761904761905,0.5,4.819047619047619,46.09880952380952,54.30357142857143,5.733333333333333,0.021622746185852984,0.18439435968562182,0.15727461858529818,0.09989135460009246,0.08796809986130374,0.09154184003698566,0.09787101248266296,0.04301895515487748,0.000970873786407767,0.009357374017568192,0.08951225150254276,0.10544382801664355,0.011132686084142395
20500,"Durham-Chapel Hill, NC",4234,2168,2066,108,905,962,471,334,338,341,160,65,244,486,461,110,38.85642135642136,396.1718975468975,475.09689754689754,207.69094516594515,137.49289321789323,127.27070707070706,136.88261183261184,65.05638528138527,38.28376623376624,139.9492424242424,185.24570707070706,175.65642135642136,44.3461038961039,0.017922703577685127,0.18273611510465754,0.21914063539986048,0.09579840644185662,0.06341923118906515,0.05870420067837041,0.06313773608515307,0.030007557786616824,0.017658563760962285,0.06455223359051772,0.08544543684073204,0.08102233457399509,0.020454844970527627
20580,"Eagle Pass, TX",74,60,14,2,24,14,35,4,8,28,11,13,0,42,8,1,0.30952380952380953,7.171825396825397,4.944444444444445,11.921825396825396,1.0595238095238095,1.3051587301587302,7.671825396825397,4.152777777777778,3.328968253968254,0.0,15.338492063492064,1.7956349206349207,1.0,0.005158730158730159,0.11953042328042328,0.08240740740740742,0.19869708994708993,0.01765873015873016,0.021752645502645503,0.12786375661375662,0.06921296296296296,0.05548280423280424,0.0,0.2556415343915344,0.029927248677248677,0.016666666666666666
20740,"Eau Claire, WI",460,283,177,47,138,129,71,57,73,59,47,1,10,85,88,17,15.769047619047619,46.57738095238095,45.76785714285714,29.13452380952381,19.742857142857144,23.867857142857144,21.377380952380953,15.617857142857142,0.3333333333333333,3.1333333333333333,29.277380952380952,27.33452380952381,5.066666666666666,0.055721016321723035,0.1645843849907454,0.16172387682988387,0.10294884738347636,0.06976274608783443,0.08433871781928319,0.0755384485949857,0.05518677435638566,0.001177856301531213,0.011071849234393404,0.10345364294127544,0.0965884233552078,0.01790341578327444
20940,"El Centro, CA",186,120,66,6,59,41,43,16,26,29,8,9,4,22,28,9,1.9166666666666665,26.116666666666667,12.866666666666667,22.266666666666666,6.683333333333334,8.683333333333334,14.083333333333334,2.4833333333333334,5.583333333333333,1.3333333333333333,6.883333333333333,8.5,2.6,0.01597222222222222,0.21763888888888888,0.10722222222222223,0.18555555555555556,0.05569444444444445,0.07236111111111111,0.11736111111111111,0.020694444444444446,0.04652777777777777,0.01111111111111111,0.057361111111111106,0.07083333333333333,0.021666666666666667
21340,"El Paso, TX",1866,1461,405,133,681,586,594,325,319,364,126,219,59,441,358,107,34.03455988455988,228.63062770562772,176.8449134199134,285.148088023088,101.40562770562771,90.42662337662337,121.58538961038961,39.83896103896104,99.63856421356421,15.179834054834055,138.20999278499278,97.45165945165945,32.60515873015873,0.023295386642409224,0.15648913600658979,0.12104374635175454,0.19517322931080627,0.0694083694083694,0.06189365049734658,0.08322066366214209,0.027268282709761144,0.06819888036520479,0.010390030153890522,0.09459958438397861,0.06670202563426382,0.022317014873483042
21060,"Elizabethtown, KY",320,188,132,25,110,59,72,30,71,68,44,3,5,89,58,6,5.959126984126984,34.453968253968256,17.01547619047619,26.734920634920634,7.979761904761904,19.51111111111111,19.090476190476192,14.885714285714286,0.6428571428571428,1.3777777777777778,23.077777777777776,16.11547619047619,1.1555555555555554,0.031697483958122254,0.18326578858493753,0.090507852077001,0.14220702465383317,0.042445542046605875,0.10378250591016548,0.1015450861195542,0.07917933130699088,0.0034194528875379935,0.007328605200945627,0.12275413711583923,0.08572061803444782,0.006146572104018912
21140,"Elkhart-Goshen, IN",436,290,146,39,133,156,66,54,115,73,43,10,12,62,113,12,10.46547619047619,43.042857142857144,54.73452380952381,24.641666666666666,16.38095238095238,36.95,24.825,14.78452380952381,4.283333333333333,3.695238095238095,18.24047619047619,34.80952380952381,3.1464285714285714,0.036087848932676525,0.14842364532019708,0.18873973727422005,0.0849712643678161,0.05648604269293925,0.1274137931034483,0.08560344827586208,0.05098111658456487,0.014770114942528738,0.012742200328407227,0.06289819376026273,0.12003284072249593,0.010849753694581283
21300,"Elmira, NY",253,158,95,9,82,51,27,29,47,41,22,1,8,45,62,12,2.7333333333333334,32.259523809523806,18.476190476190474,8.716666666666667,9.242857142857142,14.326190476190476,15.116666666666667,9.2,1.0,3.95,16.25952380952381,22.159523809523808,4.559523809523809,0.01729957805907173,0.20417420132610004,0.11693791440626883,0.055168776371308015,0.05849909584086799,0.09067209162145871,0.09567510548523207,0.05822784810126582,0.006329113924050633,0.025,0.10290837854128994,0.14025015069318866,0.028857745629897527
21420,"Enid, OK",218,164,54,34,122,100,65,40,96,85,41,20,5,72,62,33,6.66075036075036,31.569588744588746,25.418398268398267,15.82113997113997,5.786652236652237,21.51244588744589,18.19339826839827,6.387049062049062,2.3553030303030305,0.9428571428571428,13.177922077922078,11.929112554112555,4.2453823953823955,0.040614331467990004,0.19249749234505334,0.15499023334389186,0.09647036567768275,0.03528446485763559,0.13117345053320664,0.11093535529511139,0.03894542111005526,0.014361603843311161,0.005749128919860627,0.08035318340196389,0.07273849118361314,0.025886478020624364
21500,"Erie, PA",763,554,209,73,303,277,111,145,184,128,46,6,34,179,231,83,18.406493506493508,107.78863636363636,91.7969696969697,33.03903318903319,43.61800144300144,50.573160173160176,39.73704906204906,13.417207792207792,2.2857142857142856,13.372222222222222,53.821969696969695,64.08030303030303,22.06323953823954,0.03322471752074641,0.19456432556613065,0.1656985012580681,0.059637244023525625,0.07873285459025532,0.09128729273133608,0.07172752538276005,0.024218786628533925,0.004125838060856112,0.024137585238668276,0.09715156985012582,0.11566841702220766,0.03982534212678618
21660,"Eugene-Springfield, OR",1755,1075,680,98,498,472,198,208,265,221,101,14,54,211,300,66,39.37619047619047,209.52142857142857,174.54642857142858,105.67023809523809,86.11904761904762,91.38690476190476,91.3952380952381,48.86785714285714,9.083333333333334,23.126190476190477,81.36904761904762,93.48690476190475,21.051190476190477,0.03662901439645625,0.19490365448504984,0.1623687707641196,0.09829789590254706,0.08011074197120709,0.0850110741971207,0.08501882613510521,0.04545847176079734,0.008449612403100775,0.021512735326688816,0.0756921373200443,0.08696456256921373,0.01958250276854928
21780,"Evansville, IN",951,685,266,85,358,350,138,142,238,195,94,12,37,143,217,32,29.110064935064933,130.8187950937951,128.44260461760462,46.84498556998557,54.873556998557,69.30927128427129,58.40569985569986,35.689682539682536,3.65,11.575541125541125,43.91998556998557,64.76760461760462,7.592207792207792,0.042496445160678735,0.19097634320262058,0.1875074519965031,0.06838684024815411,0.08010738247964526,0.10118141793324276,0.08526379540978081,0.052101726335302974,0.005328467153284671,0.016898600183271717,0.06411676725545339,0.09455124761694104,0.011083515025120864
21820,"Fairbanks-College, AK",344,209,135,15,107,99,57,60,63,58,33,6,5,59,51,13,3.3595238095238096,37.22539682539683,35.551587301587304,25.540873015873014,18.882539682539683,19.40714285714286,20.839285714285715,9.45515873015873,1.1761904761904762,0.9623015873015873,19.113492063492064,13.490873015873015,3.9956349206349207,0.01607427660059239,0.17811194653299917,0.17010328852434117,0.1222051340472393,0.09034707982076404,0.09285714285714286,0.0997095010252905,0.045239993924204455,0.005627705627705628,0.004604313814840131,0.09145211513632566,0.06454963165489482,0.01911787043365991
22020,"Fargo, ND-MN",1023,566,457,55,291,246,129,84,175,134,65,9,9,112,148,39,17.195238095238096,112.66547619047618,94.05357142857143,59.13928571428571,30.188095238095237,64.88928571428572,52.37261904761905,25.47738095238095,3.75,2.8666666666666667,39.03809523809524,49.463095238095235,14.901190476190475,0.03038027932020865,0.19905561164395086,0.1661723876829884,0.10448637051993942,0.05333585731112232,0.11464538112064615,0.09253112905939762,0.04501304055190981,0.0066254416961130744,0.005064782096584217,0.06897189971394918,0.08739062762914353,0.026327191654046775
22140,"Farmington, NM",195,141,54,20,100,58,72,31,43,67,51,3,4,55,54,19,4.392857142857143,30.823015873015873,13.988492063492064,23.166666666666668,5.860714285714286,10.025,17.13015873015873,10.413492063492063,0.5611111111111111,0.6611111111111112,10.642460317460317,10.261904761904761,3.0730158730158728,0.031155015197568393,0.2186029494540133,0.0992091635708657,0.16430260047281325,0.04156534954407295,0.07109929078014185,0.12149048744793425,0.07385455364178768,0.003979511426319937,0.004688731284475966,0.07547844196780366,0.07277946639648766,0.02179443881571541
22180,"Fayetteville, NC",729,401,328,33,201,113,164,49,81,84,58,13,5,145,106,15,11.392857142857142,74.81071428571428,35.87738095238095,76.21785714285714,14.53452380952381,22.99404761904762,32.98452380952381,25.117857142857144,4.833333333333333,1.0666666666666667,51.56666666666666,44.61785714285714,4.985714285714286,0.028411115069469188,0.18656038475240472,0.08946977793611212,0.19006946918418244,0.03624569528559554,0.05734176463602899,0.08225567034793968,0.06263804773779837,0.01205320033250208,0.0026600166251039073,0.128595178719867,0.11126647666547917,0.012433202707516924
22220,"Fayetteville-Springdale-Rogers, AR",2726,1469,1257,175,772,750,386,290,390,407,165,59,82,479,408,122,47.84336219336219,265.78145743145745,277.0624098124098,136.2965367965368,94.97669552669552,110.48026695526696,110.89574314574314,60.18899711399711,27.512301587301586,32.26038961038961,150.10566378066378,113.14693362193363,42.44924242424242,0.03256866044476664,0.18092679198873893,0.1886061332963988,0.09278184941901757,0.06465397925574917,0.07520780596001836,0.07549063522514851,0.04097276862763589,0.018728591958680457,0.02196078258025161,0.1021822081556595,0.07702309981071044,0.02889669327722425
22380,"Flagstaff, AZ",428,332,96,26,172,120,145,38,70,76,15,8,20,49,75,11,7.258333333333333,69.58293650793651,49.08293650793651,79.97460317460317,12.988888888888889,25.06626984126984,28.716269841269842,4.538888888888889,3.333333333333333,8.775,15.849603174603175,23.549603174603174,3.283333333333333,0.021862449799196784,0.20958715815643528,0.14784017020462803,0.2408873589596481,0.039123159303882195,0.07550081277490915,0.08649478867852362,0.013671352074966532,0.010040160642570281,0.026430722891566266,0.04773976859820234,0.07093253968253968,0.009889558232931727
22420,"Flint, MI",903,765,138,89,388,305,244,190,273,218,137,11,36,201,239,49,23.943073593073592,131.62878787878788,89.88593073593073,95.24664502164502,61.557359307359306,94.72085137085136,66.90974025974026,45.48452380952381,4.858333333333333,11.361327561327561,64.1621212121212,62.714502164502164,12.526803751803753,0.031298135415782476,0.17206377500495146,0.11749794867441925,0.12450541832894774,0.0804671363494893,0.12381810636712597,0.08746371275783041,0.05945689386865857,0.006350762527233116,0.014851408576898774,0.08387205387205386,0.0819797413915061,0.016374906865102946
22500,"Florence, SC",456,273,183,15,155,101,93,71,61,87,26,2,5,153,91,6,4.066666666666666,50.09285714285714,30.50952380952381,33.35,23.9,16.692857142857143,27.942857142857143,6.8428571428571425,0.45,2.2,48.142857142857146,27.109523809523807,1.7,0.014896214896214899,0.18349031920460496,0.11175649747078321,0.12216117216117219,0.08754578754578755,0.06114599686028259,0.1023547880690738,0.025065410779696498,0.0016483516483516488,0.008058608058608061,0.1763474620617478,0.09930228501657075,0.006227106227106228
22520,"Florence-Muscle Shoals, AL",389,244,145,24,150,97,72,62,92,76,46,2,7,127,51,9,6.749206349206349,51.84007936507936,29.036507936507935,21.490873015873014,17.83293650793651,23.578968253968252,22.196031746031746,17.6484126984127,0.5,1.4801587301587302,36.5234126984127,11.923412698412697,3.1999999999999997,0.027660681759042415,0.2124593416601613,0.11900208170699973,0.08807734842570908,0.07308580536039552,0.09663511579495185,0.09096734322144158,0.07232956023939631,0.0020491803278688526,0.006066224303929222,0.14968611761644549,0.04886644548529794,0.013114754098360654
22540,"Fond du Lac, WI",154,98,56,13,52,36,22,14,40,35,16,0,4,26,32,6,4.516666666666667,17.416666666666668,11.908333333333333,7.041666666666666,4.2749999999999995,12.633333333333333,12.283333333333333,5.991666666666666,0.0,3.1666666666666665,8.908333333333333,8.533333333333333,1.325,0.04608843537414966,0.17772108843537415,0.12151360544217688,0.07185374149659864,0.04362244897959183,0.12891156462585032,0.12534013605442176,0.06113945578231292,0.0,0.03231292517006803,0.09090136054421769,0.08707482993197278,0.013520408163265305
22660,"Fort Collins-Loveland, CO",1323,860,463,70,421,397,181,125,226,223,91,17,81,175,298,47,20.547619047619047,151.05357142857142,147.63571428571427,81.43571428571428,38.27222222222222,76.45277777777778,91.15833333333333,31.65357142857143,7.2785714285714285,37.74523809523809,63.06309523809524,97.47738095238095,16.226190476190474,0.02389258028792913,0.17564368770764122,0.17166943521594685,0.09469269102990034,0.044502583979328166,0.08889857881136953,0.1059980620155039,0.03680647840531562,0.008463455149501663,0.04388981173864895,0.07332918050941307,0.11334579180509415,0.01886766334440753
22900,"Fort Smith, AR-OK",895,500,395,64,282,231,134,121,146,154,73,7,7,209,124,34,16.698051948051948,98.95479797979797,81.67146464646464,46.997655122655125,38.11432178932179,37.069083694083695,42.40241702741703,25.969083694083693,3.1,3.3333333333333335,63.542893217893216,31.99765512265512,10.149242424242424,0.033396103896103896,0.19790959595959595,0.1633429292929293,0.09399531024531026,0.07622864357864359,0.07413816738816739,0.08480483405483406,0.05193816738816739,0.0062,0.006666666666666667,0.12708578643578644,0.06399531024531024,0.020298484848484847
23060,"Fort Wayne, IN",1859,1359,500,168,726,655,227,250,481,356,158,17,76,318,412,88,49.458333333333336,285.2865079365079,238.11031746031745,88.15119047619048,88.63055555555556,155.69126984126984,122.6126984126984,50.11349206349206,5.473015873015873,32.9,98.73730158730159,119.02222222222223,24.813095238095237,0.03639318126073094,0.20992384689956436,0.17520994662275016,0.06486474648726305,0.06521748017333008,0.11456311246598225,0.09022273613885094,0.036875270098228156,0.004027237581321467,0.02420897718910964,0.07265437938727123,0.08758073747036221,0.018258348225235643
23420,"Fresno, CA",2886,2075,811,165,962,776,482,666,311,277,161,55,75,435,466,89,56.32705627705628,404.2234848484848,278.48538961038963,292.416341991342,341.1060245310245,112.85443722943722,125.65800865800865,74.49047619047619,27.53333333333333,25.559992784992783,155.65681818181818,154.02348484848486,26.665151515151514,0.027145569290147605,0.19480649872216135,0.13420982631826006,0.14092353830908047,0.16438844555712023,0.05438768059249987,0.06055807646169092,0.035899024670109005,0.013269076305220883,0.012318068812044714,0.07501533406352684,0.07422818546914933,0.012850675428988682
23460,"Gadsden, AL",228,141,87,26,86,51,47,36,44,64,27,6,3,61,37,6,6.326623376623377,27.868290043290042,14.468290043290043,12.449242424242424,10.609956709956709,10.458766233766234,19.908766233766233,9.299999999999999,2.375,0.6742424242424243,16.668290043290042,8.83495670995671,1.0575757575757576,0.04486966933775444,0.1976474471155322,0.10261198612262443,0.08829249946271223,0.07524791992877099,0.07417564704798747,0.14119692364373215,0.06595744680851064,0.016843971631205674,0.004781861164839888,0.11821482300205705,0.0626592674465015,0.007500537287771331
23540,"Gainesville, FL",1691,1133,558,72,564,453,268,148,343,260,137,22,68,304,347,93,19.41771284271284,218.50382395382394,166.55382395382395,119.85378787878788,52.47049062049062,111.24787157287157,89.06410533910534,48.566378066378064,10.824675324675324,33.99545454545454,117.77839105339105,111.79549062049063,32.927994227994226,0.01713831671907576,0.1928542135514774,0.1470024924570379,0.10578445532108373,0.04631111263944449,0.09818876573068981,0.07860909562145219,0.04286529396855963,0.009553994108274776,0.030004814250180527,0.10395268407183673,0.09867210116548156,0.029062660395405313
23580,"Gainesville, GA",627,478,149,47,233,182,135,73,121,184,44,13,18,143,128,30,18.151190476190475,84.7797619047619,62.23690476190476,54.97857142857143,24.116666666666667,36.11309523809524,70.54523809523809,15.29404761904762,3.7916666666666665,7.876190476190476,45.477380952380955,46.661904761904765,7.977380952380952,0.03797320183303447,0.17736351862920904,0.13020272962741586,0.11501793185893606,0.05045327754532777,0.07555040844789801,0.1475841801155609,0.03199591552102013,0.007932357043235706,0.01647738593345288,0.09514096433552503,0.09761904761904765,0.016689081490336724
23900,"Gettysburg, PA",326,154,172,15,58,60,27,26,36,37,13,0,6,33,41,6,5.744047619047619,25.277380952380952,26.970238095238095,12.744047619047619,12.467857142857142,11.770238095238096,15.553571428571429,5.933333333333334,0.0,2.4166666666666665,16.93452380952381,15.211904761904762,2.9761904761904763,0.037299010513296225,0.16413883735312307,0.17513141620284478,0.08275355596784167,0.08096011131725417,0.07643011750154607,0.10099721706864564,0.03852813852813853,0.0,0.015692640692640692,0.10996444032158319,0.09877860235003093,0.01932591218305504
24020,"Glens Falls, NY",380,244,136,19,123,121,47,24,88,64,33,0,10,51,142,10,6.852380952380952,42.91428571428571,41.19761904761905,17.242857142857144,7.902380952380952,26.497619047619047,22.195238095238096,12.461904761904762,0.0,2.3857142857142857,15.752380952380951,45.44761904761905,3.15,0.02808352849336456,0.17587822014051524,0.1688427010148322,0.07066744730679159,0.03238680718188915,0.10859679937548791,0.0909640905542545,0.05107338017174083,0.0,0.009777517564402812,0.06455893832943013,0.18626073380171743,0.012909836065573771
24140,"Goldsboro, NC",148,73,75,6,34,23,32,12,20,19,16,0,0,27,18,2,1.7095238095238094,11.142857142857142,6.3428571428571425,14.216666666666667,5.242857142857143,6.109523809523809,7.566666666666666,6.326190476190476,0.0,0.0,8.25952380952381,5.55,0.5333333333333333,0.023418134377038484,0.15264187866927592,0.08688845401174168,0.1947488584474886,0.07181996086105676,0.0836921069797782,0.10365296803652968,0.08666014350945857,0.0,0.0,0.11314416177429876,0.07602739726027397,0.0073059360730593605
24220,"Grand Forks, ND-MN",430,209,221,21,103,85,58,22,65,70,34,8,4,54,64,16,5.626190476190476,39.01785714285714,29.067857142857143,23.991666666666667,6.891666666666667,19.43452380952381,28.426190476190477,11.8,4.125,1.1666666666666665,16.41785714285714,18.651190476190475,4.383333333333334,0.026919571656413763,0.18668831168831168,0.13908065618591936,0.11479266347687402,0.03297448165869219,0.09298815219867854,0.1360104807473229,0.05645933014354068,0.01973684210526316,0.005582137161084529,0.07855434039644565,0.08924014581909319,0.020972886762360452
24260,"Grand Island, NE",253,207,46,27,120,95,121,46,98,94,29,5,6,37,89,13,5.596031746031746,32.982142857142854,24.46309523809524,47.720238095238095,10.304365079365079,23.491666666666667,21.976190476190474,6.843650793650793,1.6428571428571428,1.4583333333333333,7.978174603174603,19.767857142857142,2.7753968253968253,0.027033969787592975,0.15933402346445824,0.11817920404876926,0.2305325511847251,0.04977954144620811,0.11348631239935587,0.10616517138256268,0.033061114945172915,0.007936507936507936,0.007045088566827697,0.038541906295529484,0.09549689440993789,0.013407714132351813
24300,"Grand Junction, CO",544,351,193,24,188,165,92,82,93,83,39,13,10,75,133,10,6.6119047619047615,66.97261904761905,57.58095238095238,41.80357142857143,29.025,29.929761904761904,31.289285714285715,14.579761904761904,3.9166666666666665,3.3666666666666667,23.92738095238095,38.496428571428574,3.5,0.01883733550400217,0.19080518247184913,0.1640482973816307,0.1190984940984941,0.08269230769230769,0.0852699769366436,0.08914326414326415,0.04153778320444987,0.011158594491927824,0.009591642924976258,0.06816917650250982,0.10967643467643469,0.009971509971509971
24340,"Grand Rapids-Wyoming-Kentwood, MI",4340,3724,616,314,1917,2046,884,789,1002,889,468,116,303,704,1160,356,85.52882395382396,693.1657287157287,771.8986652236653,324.0752525252525,287.29866522366524,310.5522366522367,286.7816017316017,141.23863636363637,40.30955988455988,120.10090187590187,209.1446608946609,343.4978715728716,110.40739538239538,0.02296692372551664,0.18613472844138798,0.2072767629494268,0.08702342978658768,0.07714786928669852,0.08339211510532672,0.07700902302137533,0.03792659408260913,0.010824264201009636,0.032250510707814685,0.056161294547438484,0.09223895584663577,0.02964752829817277
24420,"Grants Pass, OR",153,86,67,10,36,33,32,10,36,24,12,0,5,7,31,4,2.325,11.174999999999999,10.425,18.075,3.15,11.525,8.908333333333333,5.575,0.0,1.4166666666666667,1.9,9.525,2.0,0.02703488372093023,0.12994186046511624,0.12122093023255813,0.2101744186046511,0.03662790697674418,0.13401162790697674,0.10358527131782944,0.06482558139534883,0.0,0.01647286821705426,0.02209302325581395,0.11075581395348835,0.02325581395348837
24500,"Great Falls, MT",360,249,111,29,157,125,37,73,66,39,20,2,2,128,88,18,9.103571428571428,54.44285714285714,39.542857142857144,15.64047619047619,20.757142857142856,18.98095238095238,9.854761904761904,7.03452380952381,0.6666666666666666,0.6666666666666666,43.33571428571428,24.21904761904762,4.754761904761905,0.036560527825588066,0.21864601262191627,0.1588066551921974,0.06281315739147066,0.08336201950659783,0.07622872442149552,0.03957735704723657,0.02825109963664181,0.0026773761713520753,0.0026773761713520753,0.17403901319563972,0.09726525148211897,0.019095429336393195
24540,"Greeley, CO",606,309,297,25,143,148,99,46,76,98,43,4,16,55,102,16,6.261904761904762,47.753571428571426,57.2297619047619,43.56309523809524,14.742857142857142,22.49404761904762,35.963095238095235,15.617857142857142,2.5833333333333335,7.0,14.936904761904762,34.60357142857143,6.25,0.020265063954384342,0.15454230235783634,0.1852095854523039,0.1409808907381723,0.04771151178918169,0.0727962706118046,0.11638542148250886,0.05054322699953768,0.008360302049622438,0.022653721682847898,0.04833949761134227,0.11198566805362922,0.020226537216828478
24580,"Green Bay, WI",756,488,268,49,233,227,103,80,142,134,80,13,18,124,141,33,16.061652236652236,87.08308080808081,84.08069985569985,44.861255411255414,27.03546176046176,43.290223665223664,49.69736652236652,32.124350649350646,6.5,4.36482683982684,39.383080808080805,42.31522366522366,11.202777777777778,0.032913221796418514,0.1784489360821328,0.1722965160977456,0.0919288020722447,0.055400536394388855,0.08870947472381899,0.10183886582452156,0.06582858739621034,0.01331967213114754,0.008944317294727132,0.08070303444278853,0.08671152390414685,0.022956511839708562
24660,"Greensboro-High Point, NC",2714,1836,878,176,874,855,393,363,369,378,136,43,110,452,482,166,65.96111111111111,344.11349206349206,346.33968253968254,165.03214285714284,131.83015873015873,131.53730158730158,159.1861111111111,49.65396825396825,22.390079365079366,47.569047619047616,151.7718253968254,161.56944444444443,59.04563492063492,0.03592653110626967,0.18742564927205452,0.18863817131790991,0.08988678804855275,0.07180291869834354,0.0716434104506,0.08670267489711934,0.02704464501850123,0.012195032333921225,0.02590906733063596,0.0826643929176609,0.08800078673444686,0.032159931873984166
24780,"Greenville, NC",476,291,185,18,154,94,96,49,69,73,19,9,9,110,83,17,6.733333333333333,57.647619047619045,31.404761904761905,43.74761904761905,15.286904761904761,20.247619047619047,27.197619047619046,5.491666666666667,4.233333333333333,3.269047619047619,45.97857142857143,25.16190476190476,4.6,0.02313860252004582,0.19810178366879397,0.10792014400261823,0.150335460644739,0.05253231876943217,0.06957944689903453,0.09346260841106202,0.0188717067583047,0.0145475372279496,0.011233840615283914,0.15800196367206676,0.08646702667321224,0.015807560137457044
24860,"Greenville-Anderson-Greer, SC",3421,2138,1283,122,1148,1018,422,539,397,426,136,47,166,646,656,124,40.48293650793651,421.61626984126985,397.7865079365079,163.11190476190475,211.30555555555554,128.75674603174602,144.06944444444446,44.40753968253968,22.05,77.14682539682539,206.61944444444444,238.36150793650793,42.28531746031746,0.018934956271251874,0.19720124875644052,0.18605542934354907,0.07629181700743908,0.0988332813636836,0.060222986918496736,0.06738514707410873,0.02077059854188011,0.010313376987839103,0.03608364143911384,0.09664146138655025,0.11148807667750604,0.019777978232141
25060,"Gulfport-Biloxi, MS",1678,1030,648,109,667,496,249,284,273,267,148,13,33,565,358,50,29.28333333333333,216.1813492063492,143.63492063492063,76.35992063492063,78.33611111111111,68.76190476190476,78.04920634920634,47.30119047619048,4.119047619047619,8.356746031746031,172.42619047619047,95.53730158730158,11.652777777777779,0.02843042071197411,0.20988480505470797,0.1394513792572045,0.07413584527662197,0.07605447680690398,0.06675913083680074,0.07577592849437509,0.04592348589921406,0.0039990753582986585,0.00811334566188935,0.1674040684234859,0.09275466173524426,0.011313376483279397
25180,"Hagerstown-Martinsburg, MD-WV",590,380,210,37,209,137,105,64,91,96,56,8,9,112,124,25,10.584523809523809,81.0813492063492,48.281349206349205,45.59285714285714,16.762301587301586,30.071825396825396,32.18015873015873,20.94404761904762,3.0944444444444446,3.0873015873015874,35.95515873015873,43.70515873015873,8.65952380952381,0.02785401002506266,0.21337197159565582,0.12705618212197162,0.11998120300751881,0.04411131996658313,0.07913638262322474,0.08468462823725983,0.05511591478696743,0.008143274853801171,0.008124477861319968,0.09461883876357562,0.11501357560568089,0.02278822055137845
25220,"Hammond, LA",322,182,140,26,103,67,43,26,64,74,22,3,4,103,54,5,8.40952380952381,33.63928571428571,18.189285714285713,14.408333333333333,5.946428571428571,17.25595238095238,22.172619047619047,8.45,0.5833333333333333,0.95,36.43928571428572,13.855952380952381,1.7,0.04620617477760336,0.18483124018838307,0.09994113029827316,0.07916666666666668,0.03267268445839875,0.09481292517006804,0.12182757718472007,0.04642857142857143,0.003205128205128205,0.00521978021978022,0.20021585557299848,0.07613160648874936,0.009340659340659342
25260,"Hanford-Corcoran, CA",125,76,49,5,37,37,27,23,19,25,11,3,1,13,21,1,1.703968253968254,10.639321789321789,12.33932178932179,12.113131313131314,9.72979797979798,5.93932178932179,9.58932178932179,4.427777777777778,1.290909090909091,0.09090909090909091,2.6726551226551227,5.3726551226551225,0.09090909090909091,0.022420634920634917,0.13999107617528667,0.16235949722791826,0.1593833067517278,0.12802365762892076,0.0781489709121288,0.12617528670160247,0.058260233918128644,0.016985645933014354,0.0011961722488038275,0.03516651477177792,0.0706928305612516,0.0011961722488038275
25420,"Harrisburg-Carlisle, PA",4552,2537,2015,188,1442,1320,393,615,510,459,233,32,106,483,645,194,63.47662337662337,601.5373376623377,561.545670995671,156.97582972582973,243.53813131313132,156.14209956709956,169.65162337662338,85.02940115440116,12.15952380952381,40.60436507936508,164.20757575757577,214.50876623376624,67.62305194805195,0.02502034819732888,0.23710576967376337,0.2213424008654596,0.061874587988107896,0.09599453343048141,0.061545959624398724,0.06687095915515308,0.033515727691920044,0.0047928749741914895,0.01600487389805482,0.06472509884019541,0.08455213489703045,0.026654730763914843
25500,"Harrisonburg, VA",365,246,119,23,118,121,67,38,86,71,33,9,10,55,82,21,6.852453102453103,42.66435786435786,39.814357864357866,26.264357864357866,13.581818181818182,24.347691197691198,24.27705627705628,12.353968253968254,4.7023809523809526,3.9318181818181817,17.178643578643577,24.33816738816739,5.692929292929293,0.02785550041647602,0.17343234904210508,0.16184698318844656,0.10676568237543846,0.05521064301552105,0.09897435446215931,0.09868722063844013,0.0502193831462124,0.01911536972512582,0.015983000739098297,0.06983188446603078,0.0989356397892983,0.023141988995647525
25620,"Hattiesburg, MS",611,385,226,41,253,171,81,97,110,118,77,5,8,174,90,21,11.108766233766234,93.35638528138529,51.8051948051948,23.02186147186147,24.901623376623377,31.26233766233766,32.61352813852814,27.40400432900433,1.85,2.6504329004329006,51.380194805194805,26.70995670995671,6.935714285714286,0.028853938269522685,0.24248411761398775,0.1345589475459605,0.059797042784055766,0.0646795412379828,0.08120087704503288,0.08471046269747569,0.07117923202338787,0.004805194805194805,0.006884241299825716,0.13345505144206443,0.06937651093495249,0.018014842300556586
25740,"Helena, MT",887,515,372,32,321,294,78,149,94,87,47,10,17,141,174,46,8.33968253968254,127.5123015873016,109.6218253968254,33.86309523809524,48.69087301587302,25.751190476190477,25.66547619047619,12.444444444444445,4.5,5.83015873015873,45.024206349206345,53.33611111111111,14.420634920634921,0.016193558329480662,0.24759670211126522,0.21285791339189397,0.0657535829865927,0.09454538449684081,0.05000231160425335,0.04983587609801202,0.02416396979503776,0.008737864077669903,0.011320696563415009,0.08742564339651718,0.10356526429341963,0.028001232855601788
25860,"Hickory-Lenoir-Morganton, NC",589,362,227,26,175,148,149,56,155,122,58,1,12,114,158,18,7.07063492063492,54.84722222222222,46.00674603174603,52.771031746031746,16.626984126984127,41.8484126984127,36.236111111111114,17.207539682539682,0.125,9.366666666666667,29.584126984126982,43.75555555555555,6.553968253968254,0.019532140664737345,0.15151166359729892,0.1270904586512321,0.14577633079014293,0.045930895378409185,0.11560334999561518,0.10009975445058317,0.04753464000701569,0.00034530386740331485,0.025874769797421728,0.0817241076909585,0.12087170042971146,0.01810488467947031
25940,"Hilton Head Island-Bluffton-Port Royal, SC",1076,664,412,59,320,307,102,104,167,125,84,18,32,188,282,54,19.064285714285713,120.53809523809524,119.62380952380953,36.89642857142857,36.27142857142857,56.28095238095238,44.03452380952381,30.59642857142857,7.076190476190476,13.233333333333333,61.51309523809524,100.50952380952381,18.36190476190476,0.02871127366609294,0.1815332759609868,0.18015633964429145,0.055566910499139414,0.05462564543889845,0.08476047045324153,0.06631705393000574,0.0460789586919105,0.01065691336775674,0.019929718875502007,0.09264020367183018,0.15136976477337924,0.027653471026965002
25980,"Hinesville, GA",142,81,61,3,44,38,43,7,24,39,24,4,0,41,34,0,0.7083333333333333,11.517857142857142,9.958333333333334,14.492857142857144,2.0428571428571427,4.559523809523809,11.025,7.310714285714286,0.9333333333333333,0.0,10.317857142857143,8.133333333333333,0.0,0.008744855967078188,0.14219576719576718,0.12294238683127573,0.1789241622574956,0.025220458553791885,0.05629041740152851,0.13611111111111113,0.0902557319223986,0.011522633744855968,0.0,0.12738095238095237,0.10041152263374485,0.0
26140,"Homosassa Springs, FL",224,139,85,21,66,48,49,13,57,46,23,3,3,31,54,12,5.579004329004329,22.326623376623377,13.176623376623377,18.36948051948052,3.6194805194805193,17.633766233766234,16.486147186147186,7.4218614718614715,1.8333333333333333,2.5,10.074242424242424,16.309956709956708,3.669480519480519,0.04013672179139805,0.1606231897598804,0.09479585163038401,0.13215453611137062,0.026039428197701577,0.12686162758105204,0.1186053754399078,0.053394686847924255,0.013189448441247002,0.017985611510791366,0.07247656420318291,0.1173378180572425,0.026399140427917404
26300,"Hot Springs, AR",354,197,157,34,98,86,42,34,82,74,23,2,4,76,59,9,13.061904761904762,29.15595238095238,27.329761904761906,14.560714285714285,9.628571428571428,25.422619047619047,22.28690476190476,11.036904761904761,0.8333333333333333,2.1666666666666665,21.92738095238095,16.629761904761907,2.9595238095238097,0.06630408508581097,0.14799975827894607,0.13872975586173555,0.0739122552574329,0.04887599709934735,0.12904882765288855,0.11313149625332365,0.05602489726855208,0.004230118443316412,0.01099830795262267,0.11130650229634999,0.08441503504955282,0.01502296350012086
26380,"Houma-Bayou Cane-Thibodaux, LA",467,253,214,15,154,95,59,28,75,86,52,0,3,148,51,2,3.5761904761904764,60.304761904761904,26.17142857142857,20.04285714285714,9.642857142857142,22.271428571428572,24.57857142857143,17.445238095238096,0.0,1.1666666666666665,53.92142857142857,13.428571428571429,0.45,0.014135140222096746,0.23835874270656882,0.10344438170525128,0.07922077922077922,0.03811405985319029,0.08802936194240543,0.09714850367024282,0.06895351025785809,0.0,0.00461133069828722,0.21312817617165444,0.05307735742518352,0.0017786561264822136
26420,"Houston-Pasadena-The Woodlands, TX",43623,34842,8781,3304,16138,21878,5790,5640,6080,5671,2122,2208,3448,9237,9221,2795,916.1582334332335,5693.751162726163,9940.538464313464,2459.29907037407,1867.1991064491065,1835.6172882672884,1893.6764513264513,628.4245754245754,891.3610112110111,1500.2476995226996,3043.766566766567,2948.0658452658454,1223.8945249195249,0.02629465109446167,0.16341631257465597,0.28530332542085596,0.0705843255373994,0.053590468585302406,0.05268403904102199,0.05435039467672497,0.018036409374449672,0.025582946191694253,0.04305859880382009,0.08735912309185945,0.08461241734877004,0.035126988258984124
26580,"Huntington-Ashland, WV-KY-OH",1127,716,411,94,451,307,179,202,179,197,89,8,6,353,212,44,24.715811965811966,166.46541514041513,100.05866910866911,61.98128815628816,59.554700854700855,44.44993894993895,53.11541514041514,25.87652625152625,2.66978021978022,1.6935897435897436,106.32136752136752,55.26660561660562,13.830891330891331,0.03451929045504464,0.2324935965648256,0.13974674456518033,0.08656604491101698,0.08317695650097885,0.06208092032114378,0.07418354069890383,0.03614039979263443,0.003728743323715391,0.00236534880389629,0.14849353005777588,0.0771879966712369,0.01931688733364711
26620,"Huntsville, AL",1684,1064,620,132,535,480,240,266,245,256,142,16,80,321,279,66,40.63535353535354,189.56789321789321,180.10122655122655,102.05955988455989,86.29765512265512,69.12503607503608,94.84249639249639,52.75440115440115,5.70952380952381,31.788095238095238,100.92146464646464,91.23932178932179,18.957972582972584,0.038191121743753324,0.17816531317471168,0.16926807006694225,0.09592063898924802,0.08110681872429992,0.06496713916826699,0.0891376845794139,0.04958120409248228,0.00536609380594343,0.029876029359112065,0.09485100060757955,0.08575124228319718,0.017817643405049422
26820,"Idaho Falls, ID",407,269,138,43,147,145,64,61,67,88,48,5,14,83,85,18,10.856349206349206,49.75873015873016,46.7515873015873,20.919047619047618,17.24206349206349,17.375396825396827,24.115873015873014,20.304761904761904,1.8166666666666667,6.066666666666666,25.099206349206348,23.632539682539683,5.061111111111111,0.04035817548828701,0.18497669203988906,0.17379772231073345,0.07776597627898743,0.06409689030506874,0.0645925532542633,0.08965008556086622,0.07548238626305541,0.006753407682775712,0.02255266418835192,0.09330559981117602,0.087853307370036,0.018814539446509706
26900,"Indianapolis-Carmel-Greenwood, IN",14220,9476,4744,844,4737,4691,1300,1403,1951,1581,1318,140,700,1759,2360,719,311.6038961038961,2045.029329004329,2079.379329004329,530.2860389610389,593.7094877344878,644.9483766233766,596.5535353535354,489.2922438672439,56.44015151515151,371.76100288600287,652.165404040404,812.3063131313131,292.5248917748918,0.03288348418150022,0.2158114530397139,0.21943640027483421,0.055960958100573964,0.06265401938945629,0.06806124700542177,0.06295415105039419,0.051634892767754736,0.005956115609450349,0.03923184918594374,0.0688228581722672,0.08572248977747078,0.030870081445218633
26980,"Iowa City, IA",709,362,347,23,171,163,101,61,121,104,63,14,9,74,124,61,6.041666666666667,60.345238095238095,58.90079365079365,37.05238095238095,18.526190476190475,35.14523809523809,32.010714285714286,26.724603174603175,5.816666666666666,4.976190476190476,25.590079365079365,32.92857142857143,17.941666666666666,0.016689686924493557,0.1666995527492765,0.16270937472594932,0.10235464351486451,0.051177321757432254,0.09708629308076822,0.08842738752959747,0.07382487064807507,0.016068139963167586,0.013746382530912917,0.07069082697535736,0.09096290449881611,0.049562615101289134
27060,"Ithaca, NY",657,370,287,27,188,173,89,63,109,102,54,15,31,47,147,17,8.515512265512266,68.97305194805195,63.880194805194805,33.08019480519481,22.508766233766234,35.97781385281385,31.106385281385283,17.718650793650795,9.75,15.333766233766234,12.591702741702742,44.128607503607505,6.435353535353535,0.023014898014898012,0.1864136539136539,0.17264917514917513,0.08940593190593189,0.060834503334503326,0.09723733473733472,0.08407131157131156,0.04788824538824538,0.026351351351351346,0.04144261144261144,0.034031629031629027,0.11926650676650676,0.01739284739284739
27100,"Jackson, MI",357,292,65,23,139,155,81,63,98,72,52,3,21,49,101,33,5.9714285714285715,43.8734126984127,59.21507936507936,36.04484126984127,16.65793650793651,30.353968253968254,25.54722222222222,16.83293650793651,0.6666666666666666,5.397222222222222,12.667063492063491,29.59722222222222,9.175,0.02045009784735812,0.15025141335072842,0.20279136768862796,0.12344123722548381,0.05704772776690585,0.10395194607523375,0.08749048706240486,0.057647042835399,0.00228310502283105,0.018483637747336377,0.04338035442487497,0.1013603500761035,0.03142123287671233
27140,"Jackson, MS",5517,3387,2130,373,2107,1848,484,741,514,557,409,38,134,1537,856,257,121.46172438672438,771.0708513708514,677.0363275613275,164.739898989899,253.64386724386725,143.8351370851371,184.27878787878788,140.8021645021645,12.513492063492063,37.5004329004329,533.4565656565657,266.78751803751805,79.87323232323232,0.035861152756635484,0.22765599390931546,0.199892626974115,0.04863888366988456,0.07488747187595726,0.04246682523919017,0.05440767283105636,0.041571350605894446,0.003694565120605864,0.01107187271934836,0.15750120037099666,0.0787680891755294,0.02358229475147101
27180,"Jackson, TN",562,404,158,55,264,161,142,129,145,124,67,10,11,162,102,11,12.766666666666666,91.16309523809524,47.65238095238095,50.275,36.56547619047619,35.63174603174603,33.08293650793651,20.373809523809523,1.9607142857142859,2.075396825396825,45.57380952380952,24.49047619047619,2.3884920634920634,0.0316006600660066,0.2256512258368694,0.11795143800094295,0.12444306930693069,0.09050860443187175,0.0881973911676882,0.08188845670281314,0.050430221593587926,0.004853253182461104,0.005137120854942637,0.1128064592173503,0.06061999057048562,0.005912109068049662
27260,"Jacksonville, FL",8005,5909,2096,674,3252,2790,1124,912,1464,1167,666,178,298,1797,2038,520,176.71423576423575,1193.0348706848706,1022.7860611610612,439.7150294150294,322.73288655788656,447.52971195471196,407.3797119547119,212.8737234987235,58.926898101898104,100.83007270507271,685.2654262404262,659.6503468753468,181.5610250860251,0.029905946143888258,0.20190131505920975,0.173089534804715,0.07441445750804354,0.05461717491248714,0.07573696259176034,0.06894224267299236,0.03602533821267955,0.009972397715670689,0.017063813285678235,0.11596977936036997,0.11163485308433689,0.03072618464816806
27340,"Jacksonville, NC",291,160,131,18,75,37,92,21,34,75,27,2,6,48,47,3,3.9166666666666665,22.12857142857143,11.50952380952381,38.32857142857143,5.442857142857143,8.295238095238096,25.011904761904763,12.485714285714286,1.3333333333333333,3.5,13.711904761904762,13.635714285714286,0.7,0.024479166666666666,0.13830357142857144,0.07193452380952381,0.23955357142857142,0.03401785714285714,0.0518452380952381,0.15632440476190476,0.07803571428571429,0.008333333333333333,0.021875,0.08569940476190477,0.08522321428571429,0.0043749999999999995
27500,"Janesville-Beloit, WI",415,249,166,36,110,111,58,37,78,82,43,5,8,66,86,19,10.285714285714285,38.09761904761905,38.44761904761905,23.82857142857143,9.645238095238096,22.104761904761904,30.87142857142857,20.142857142857142,2.0,2.533333333333333,21.064285714285713,23.195238095238096,6.783333333333333,0.04130808950086058,0.15300248613501627,0.15440810862497611,0.09569707401032702,0.038735895964811626,0.08877414419583095,0.12398164084911073,0.08089500860585198,0.008032128514056224,0.010174029451137885,0.08459552495697073,0.09315356664754255,0.027242302543507364
27620,"Jefferson City, MO",927,576,351,46,369,291,137,139,172,149,59,3,9,141,151,49,9.871103896103897,153.7068181818182,111.62665945165945,48.18896103896104,45.587770562770565,45.42348484848485,44.93419913419913,18.14808802308802,0.9166666666666666,3.1166666666666667,39.76158008658009,37.580627705627705,17.137373737373736,0.017137333152958154,0.2668521148989899,0.1937962837702421,0.0836613906926407,0.07914543500481001,0.07886021675084175,0.07801076238576238,0.03150709726230559,0.001591435185185185,0.00541087962962963,0.06903052098364598,0.06524414532227032,0.02975238496071829
27740,"Johnson City, TN",524,373,151,50,206,149,134,88,151,122,69,17,20,126,107,24,13.768650793650794,66.62857142857143,45.31547619047619,45.22103174603175,24.992460317460317,39.32857142857143,33.102777777777774,22.709126984126986,3.315079365079365,8.346825396825396,36.11507936507937,27.866666666666667,6.2896825396825395,0.03691327290523001,0.1786288778245883,0.12148921230690668,0.12123601004298055,0.06700391506021533,0.10543852929911911,0.08874739350610664,0.06088237797353079,0.008887612238818673,0.022377547980765137,0.0968232690752798,0.07470956210902592,0.016862419677433082
27780,"Johnstown, PA",252,135,117,19,65,56,26,35,50,50,26,2,5,37,56,4,5.633333333333333,21.70793650793651,17.891269841269843,8.50952380952381,9.865079365079366,14.64126984126984,18.107936507936508,11.172222222222222,0.6428571428571428,1.5095238095238095,9.822222222222223,14.881746031746031,0.6150793650793651,0.041728395061728395,0.1607995296884186,0.132527924750147,0.06303350970017636,0.07307466196355085,0.1084538506760729,0.1341328630217519,0.08275720164609053,0.0047619047619047615,0.011181657848324514,0.07275720164609054,0.11023515579071134,0.004556143445032334
27860,"Jonesboro, AR",435,281,154,55,158,134,65,48,113,117,49,3,0,147,102,27,12.314285714285713,46.614285714285714,39.19642857142857,19.561904761904763,12.829761904761904,26.78095238095238,31.8,19.642857142857142,0.6011904761904762,0.0,40.74761904761905,24.74642857142857,6.164285714285714,0.04382308083375698,0.16588713777325872,0.13948906964921196,0.06961531943738349,0.045657515675309256,0.09530588035926113,0.11316725978647685,0.06990340620233856,0.002139467886798847,0.0,0.1450093204541603,0.088065582104728,0.021936959837315702
27900,"Joplin, MO-KS",520,367,153,60,194,146,134,105,120,141,45,4,7,164,101,27,18.31904761904762,62.55436507936508,46.230555555555554,40.39484126984127,28.418650793650794,32.84007936507936,38.88611111111111,13.34920634920635,0.9027777777777777,4.7,50.63095238095238,22.473412698412698,7.3,0.04991566108732321,0.17044786125167596,0.1259688162276718,0.11006768738376368,0.07743501578651443,0.08948250508196011,0.10595670602482592,0.03637385926214264,0.0024598849530729637,0.012806539509536785,0.13795899831322175,0.06123545694390381,0.01989100817438692
27980,"Kahului-Wailuku, HI",526,297,229,17,143,128,81,25,60,70,33,11,14,79,101,13,4.916666666666667,55.728968253968254,45.92896825396825,43.101190476190474,9.028968253968253,20.40277777777778,26.50952380952381,13.936111111111112,5.183333333333334,5.177777777777778,31.69563492063492,30.87063492063492,4.519444444444444,0.01655443322109989,0.18763962375073487,0.15464299075410184,0.14512185345518677,0.03040056651167762,0.06869622147399926,0.0892576559243226,0.04692293303404415,0.01745230078563412,0.01743359521137299,0.10671930949708727,0.10394153171930949,0.015216984661429104
28020,"Kalamazoo-Portage, MI",1211,1048,163,78,538,535,239,220,308,260,129,37,116,171,314,99,18.88975468975469,189.22943722943722,195.5568181818182,98.87388167388167,72.99729437229438,97.02705627705627,91.2211038961039,39.9313492063492,13.710714285714285,59.259199134199136,53.08181818181818,90.80205627705628,27.419516594516594,0.018024575085643788,0.18056244010442482,0.18660001734906315,0.09434530694072678,0.06965390684379234,0.09258306896665675,0.08704303806880143,0.03810243244880649,0.013082742639040348,0.056545037341793065,0.05065058986814712,0.08664318347047355,0.026163660872630338
28100,"Kankakee, IL",155,105,50,21,52,44,46,13,39,50,23,2,0,33,51,3,5.269047619047619,14.445238095238095,13.319047619047618,15.520238095238096,2.144047619047619,9.834523809523809,13.32857142857143,8.191666666666666,0.43333333333333335,0.0,7.935714285714286,14.178571428571429,0.4,0.0501814058956916,0.13757369614512469,0.12684807256235825,0.14781179138321993,0.020419501133786846,0.09366213151927436,0.12693877551020408,0.078015873015873,0.0041269841269841265,0.0,0.07557823129251699,0.13503401360544215,0.003809523809523809
28140,"Kansas City, MO-KS",14988,10305,4683,934,5326,5371,1693,2304,1815,1522,957,137,622,2940,2535,788,314.35768398268397,2116.7513347763347,2268.0501443001444,667.3910173160173,890.7053030303031,611.2489538239538,551.1084776334776,356.7381313131313,61.57582972582973,270.00209235209235,1072.1501082251082,845.8005411255411,279.12038239538236,0.030505355068673846,0.2054101246750446,0.22009220226105236,0.06476380565900217,0.08643428462205756,0.05931576456321725,0.05347971641275862,0.034617965192928805,0.00597533524753321,0.026201076404860975,0.1040417378190304,0.08207671432562262,0.0270859177482176
28420,"Kennewick-Richland, WA",613,501,112,41,247,204,195,100,144,105,146,22,21,140,154,21,8.857539682539683,75.97222222222221,63.105555555555554,78.91230158730158,26.136507936507936,37.85198412698413,34.471825396825395,44.699603174603176,11.094444444444445,8.326190476190476,47.12182539682539,57.76984126984127,6.68015873015873,0.017679719925228907,0.151641162120204,0.12595919272565978,0.15750958400659,0.052168678515983904,0.07555286252891044,0.06880603871621835,0.08922076481956721,0.02214459968950987,0.01661914266704686,0.09405553971422234,0.11530906441086082,0.013333650159997466
28450,"Kenosha, WI",328,193,135,24,90,69,56,23,52,68,32,5,3,51,54,7,8.483333333333333,31.32857142857143,23.961904761904762,22.835714285714285,7.626190476190476,16.978571428571428,27.652380952380952,14.376190476190477,1.45,1.0833333333333333,18.61190476190476,16.82857142857143,1.7833333333333332,0.04395509499136442,0.16232420429311623,0.12415494695287443,0.11831976313841601,0.039513940291142365,0.0879718726868986,0.1432765852454972,0.07448803355539108,0.0075129533678756485,0.005613126079447323,0.09643473969898841,0.08719467061435975,0.00924006908462867
28660,"Killeen-Temple, TX",680,490,190,59,240,197,228,71,152,201,86,14,16,135,151,27,13.77027417027417,73.59924242424242,56.93575036075036,98.38694083694084,19.669877344877346,38.927813852813856,72.24329004329005,25.13888888888889,2.892857142857143,5.9004329004329,36.700036075036074,38.27186147186147,7.562734487734487,0.028102600347498303,0.15020253555967839,0.11619540889949052,0.20078967517743027,0.04014260682628029,0.07944451806696705,0.14743528580263274,0.05130385487528344,0.005903790087463556,0.012041699796801836,0.07489803280619606,0.07810583973849279,0.015434152015784667
28700,"Kingsport-Bristol, TN-VA",992,696,296,118,414,306,211,202,227,191,106,17,44,241,193,44,30.826984126984126,135.90992063492064,108.91825396825396,68.87857142857143,60.58849206349206,63.12222222222222,47.76309523809524,25.180555555555554,3.168253968253968,22.23253968253968,65.51507936507936,50.85912698412698,13.036904761904761,0.04429164386060937,0.19527287447546066,0.15649174420726142,0.0989634646962233,0.08705243112570697,0.0906928480204342,0.06862513683634372,0.03617895913154533,0.004552089034847655,0.031943304141579996,0.0941308611567232,0.07307345831052726,0.01873118500273672
28740,"Kingston, NY",725,423,302,26,190,156,109,68,123,119,56,10,20,106,191,13,4.934920634920635,67.51944444444445,61.1265873015873,43.94761904761905,31.356349206349208,34.93373015873016,41.662301587301585,18.169047619047618,2.611111111111111,8.959523809523809,37.89087301587301,65.46230158730158,4.4261904761904765,0.01166647904236557,0.15962043603887577,0.14450729858531278,0.10389508049082519,0.07412848512139293,0.08258565049345191,0.0984924387406657,0.042952831250703594,0.00617283950617284,0.021180907351120118,0.08957653195241848,0.1547572141543773,0.010463807272317913
28880,"Kiryas Joel-Poughkeepsie-Newburgh, NY",2700,1685,1015,138,850,725,406,199,481,364,173,28,68,458,759,94,41.38611111111111,310.39285714285717,260.1583333333333,157.0611111111111,68.3281746031746,152.66031746031746,135.82420634920635,55.932539682539684,11.716269841269842,27.352777777777778,187.78015873015872,247.28571428571428,29.12142857142857,0.024561490273656443,0.18420941076727426,0.15439663699307613,0.0932113419057039,0.040550845461824685,0.09059959493193913,0.08060783759596815,0.033194385568272804,0.006953275870189816,0.01623310253874052,0.11144223070039092,0.14675710046629925,0.017282746926663838
28940,"Knoxville, TN",4455,3158,1297,315,1829,1609,872,828,867,769,484,106,202,996,844,248,90.99006549006549,623.6674825174825,551.5488317238318,315.1734348984349,254.82859362859364,240.9825258075258,228.06109723609723,136.2920856920857,30.23288655788656,78.54363691863692,285.23811743811746,251.64565712065712,70.79558497058497,0.02881256031984341,0.19748811985987413,0.17465130833560222,0.09980159433136,0.08069303154800306,0.07630858955273141,0.07221694022675657,0.043157721878431185,0.009573428295720885,0.024871322646813465,0.09032239310896689,0.07968513525036641,0.02241785464553039
29020,"Kokomo, IN",134,90,44,15,32,23,33,8,42,36,24,0,3,33,28,2,4.491666666666666,10.891666666666666,7.675,13.55,1.9916666666666667,13.2,11.075,6.675,0.0,2.3333333333333335,10.025,7.591666666666667,0.5,0.0499074074074074,0.12101851851851851,0.08527777777777777,0.15055555555555555,0.02212962962962963,0.14666666666666667,0.12305555555555554,0.07416666666666666,0.0,0.02592592592592593,0.1113888888888889,0.08435185185185186,0.005555555555555556
29100,"La Crosse-Onalaska, WI-MN",508,316,192,48,171,143,77,82,114,104,57,1,15,91,105,34,10.70638528138528,56.157575757575756,44.57424242424242,30.702813852813854,21.67900432900433,32.08257575757576,33.670670995670996,22.417099567099566,0.25,4.55995670995671,25.297619047619047,26.042099567099566,7.85995670995671,0.03388096608033317,0.1777138473341005,0.14105772919064058,0.09716080333168942,0.06860444407912762,0.10152713847334101,0.10655275631541454,0.07094018850347963,0.0007911392405063291,0.014430242753027563,0.08005575647980712,0.08241170749082141,0.024873280727711108
29180,"Lafayette, LA",2503,1615,888,124,987,844,219,340,297,277,222,28,83,828,385,64,33.95595238095238,368.1011904761905,312.41190476190474,79.19404761904762,102.22023809523809,86.09880952380952,89.01904761904761,75.5904761904762,8.4,23.978571428571428,301.20714285714286,112.43809523809524,22.38452380952381,0.021025357511425622,0.22792643373138727,0.19344390387734037,0.04903656199321833,0.06329426507445082,0.053311956361491955,0.05512015332448768,0.046805248415155536,0.0052012383900928785,0.014847412649270232,0.18650597080937636,0.06962111160253574,0.013860386259767063
29200,"Lafayette-West Lafayette, IN",749,516,233,72,267,215,134,76,229,165,106,3,39,145,215,50,28.101190476190474,84.18333333333334,66.65595238095239,48.666666666666664,20.314285714285713,64.075,48.18452380952381,28.24642857142857,0.9761904761904762,15.983333333333333,37.903571428571425,58.797619047619044,13.911904761904761,0.054459671465485415,0.16314599483204134,0.12917820228866742,0.09431524547803617,0.0393687707641196,0.12417635658914729,0.09338086009597638,0.05474114064230343,0.001891842008121078,0.030975452196382428,0.07345653377630121,0.11394887412329271,0.026961055740125507
29340,"Lake Charles, LA",887,597,290,62,334,288,128,120,166,171,91,8,3,360,176,54,14.207936507936507,110.18412698412698,85.97698412698412,44.74444444444445,30.623015873015873,41.067460317460316,51.17777777777778,27.86190476190476,3.25,0.45396825396825397,124.22698412698412,50.13174603174603,13.093650793650793,0.023798888623009225,0.18456302677408204,0.14401504878891813,0.07494881816489857,0.05129483395815054,0.0687897157746404,0.08572492090080029,0.04666985722262104,0.005443886097152429,0.0007604158357927203,0.2080854005477121,0.08397277392252267,0.021932413389699822
29420,"Lake Havasu City-Kingman, AZ",264,197,67,17,96,56,119,11,57,58,15,3,0,49,48,2,4.775,34.260714285714286,15.760714285714286,65.0345238095238,4.25,17.044047619047618,21.027380952380952,3.992857142857143,0.7333333333333334,0.0,14.660714285714286,14.460714285714285,1.0,0.02423857868020305,0.17391225525743295,0.08000362581580857,0.3301244863427605,0.021573604060913708,0.08651800821851584,0.1067379743775683,0.020268310369833214,0.003722504230118444,0.0,0.07441986947063091,0.07340464104423496,0.005076142131979696
29460,"Lakeland-Winter Haven, FL",1362,981,381,78,537,406,272,176,313,246,127,20,14,325,358,60,17.618253968253967,189.68253968253967,129.18968253968254,113.08055555555555,60.78809523809524,92.74325396825397,80.8515873015873,39.762301587301586,6.170634920634921,5.844444444444444,116.6626984126984,111.62539682539682,16.980555555555554,0.017959484167435237,0.19335630956426061,0.1316918272575765,0.11527069883338996,0.06196543857094316,0.09453950455479507,0.08241752018510429,0.040532417520185104,0.006290147727456596,0.005957639596783327,0.11892222060417779,0.11378735660081225,0.017309434817080076
29540,"Lancaster, PA",1285,837,448,65,402,377,125,198,217,197,85,17,30,152,238,58,18.79047619047619,157.6690476190476,155.01904761904763,58.2297619047619,85.6047619047619,72.13571428571429,75.37619047619047,30.733333333333334,8.15,16.826190476190476,60.804761904761904,76.54404761904762,21.116666666666667,0.02244979234226546,0.18837401149229102,0.1852079421971895,0.06956960801046821,0.10227570120043236,0.08618364908687488,0.09005518575411046,0.0367184388689765,0.009737156511350058,0.020102975479319562,0.07264607157080274,0.09145047505262557,0.025228992433293507
29620,"Lansing-East Lansing, MI",3710,2997,713,210,1685,1601,747,715,798,701,457,67,185,427,827,335,50.3794733044733,647.402886002886,594.1925685425686,286.8826479076479,243.82626262626263,247.59455266955266,222.1731240981241,152.60999278499278,23.54047619047619,53.551659451659454,136.1572510822511,236.4497113997114,102.23939393939393,0.016809967735893664,0.216016978979942,0.1982624519661557,0.09572327257512443,0.08135677765307396,0.08261413168820576,0.07413183987258062,0.05092091851351111,0.0078546800769023,0.01786842157212528,0.04543118154229266,0.07889546593250298,0.03411391189168967
29700,"Laredo, TX",448,350,98,36,189,174,181,64,115,135,18,47,4,103,146,20,6.33015873015873,51.345238095238095,51.62896825396825,78.56349206349206,17.442460317460316,25.031349206349205,31.448015873015873,5.170634920634921,16.9484126984127,1.2916666666666665,25.8,34.02896825396825,4.970634920634921,0.018086167800453513,0.14670068027210884,0.14751133786848072,0.22446712018140588,0.04983560090702947,0.07151814058956915,0.08985147392290249,0.014773242630385488,0.04842403628117914,0.00369047619047619,0.07371428571428572,0.09722562358276643,0.014201814058956916
29740,"Las Cruces, NM",619,441,178,29,291,166,203,95,93,142,116,29,16,149,168,49,6.39920634920635,89.41111111111111,42.47063492063492,89.98134920634921,21.548015873015874,22.586904761904762,40.24761904761905,25.823015873015873,11.386111111111111,3.1857142857142855,38.38253968253968,39.66587301587302,9.911904761904761,0.01451067199366519,0.20274628369866463,0.09630529460461432,0.20403934060396642,0.04886171399776842,0.05121747111543029,0.09126444228485044,0.05855559154878882,0.02581884605694129,0.007223841917719467,0.08703523737537341,0.08994529028542633,0.02247597451679084
29820,"Las Vegas-Henderson-North Las Vegas, NV",9413,6273,3140,683,3409,3040,1048,892,894,937,377,223,396,2262,1942,337,222.85804473304472,1363.9810606060605,1176.0001082251083,442.4028499278499,332.1747113997114,315.1512987012987,345.65721500721503,140.46829004329004,99.36114718614718,153.11756854256853,909.9334415584416,649.7429653679653,122.1512987012987,0.035526549455291684,0.21743680226463583,0.18747012724774562,0.07052492426715286,0.05295308646575982,0.05023932706859536,0.055102377651397264,0.022392521926237852,0.015839494211086748,0.024408985898703734,0.14505554623919042,0.10357770849162527,0.019472548812577508
29940,"Lawrence, KS",690,416,274,48,230,188,111,69,130,115,59,7,21,69,123,40,17.78982683982684,88.50054112554112,60.217207792207795,48.41904761904762,23.90768398268398,38.85054112554113,42.33149350649351,21.116017316017317,2.8666666666666667,6.7303030303030305,19.90768398268398,35.091017316017314,10.271969696969697,0.042764006826506835,0.21274168539793542,0.14475290334665336,0.11639194139194141,0.057470394189144194,0.09339072385947388,0.10175839785214787,0.05075965700965702,0.006891025641025642,0.016178613053613056,0.04785500957375958,0.08435340700965702,0.024692234848484852
30020,"Lawton, OK",249,159,90,28,92,76,66,39,86,71,37,16,3,62,54,30,6.534126984126984,23.439285714285713,18.03214285714286,21.08015873015873,8.556746031746032,19.998809523809523,15.937698412698412,10.542857142857143,2.2178571428571425,1.35,13.019841269841269,12.451984126984126,5.838492063492064,0.04109513826494959,0.14741689128481583,0.11340970350404316,0.13257961465508636,0.05381601277827694,0.1257786762503744,0.10023709693521016,0.06630727762803236,0.01394878706199461,0.00849056603773585,0.0818857941499451,0.07831436557851652,0.036720075871019275
30140,"Lebanon, PA",208,121,87,18,61,54,38,25,47,59,16,2,5,41,40,3,3.7333333333333334,20.97063492063492,16.937301587301587,12.320634920634921,6.736111111111111,12.62063492063492,17.27063492063492,6.161111111111111,0.4,1.95,10.412301587301586,10.828968253968254,0.6583333333333333,0.03085399449035813,0.1733110324019415,0.13997769906860816,0.10182342909615637,0.05567033976124885,0.10430276793913157,0.14273252000524728,0.05091827364554637,0.0033057851239669425,0.016115702479338842,0.0860520792338974,0.08949560540469631,0.005440771349862259
30300,"Lewiston, ID-WA",193,127,66,13,80,53,60,24,56,47,32,0,2,38,55,11,4.313492063492063,21.177777777777777,12.227777777777778,16.99206349206349,5.885714285714286,14.501587301587302,10.68095238095238,13.52142857142857,0.0,1.1111111111111112,8.115873015873015,15.382539682539683,3.08968253968254,0.033964504436945375,0.16675415573053365,0.09628171478565178,0.13379577552805896,0.046344206974128235,0.11418572678415197,0.08410198725159354,0.10646794150731156,0.0,0.008748906386701661,0.06390451193600799,0.12112235970503686,0.024328208973878263
30340,"Lewiston-Auburn, ME",354,225,129,34,118,87,41,56,45,75,18,3,18,101,56,15,8.558333333333334,39.86071428571429,28.517857142857142,15.176190476190476,14.460714285714285,14.610714285714286,22.88452380952381,5.9261904761904765,1.5,5.633333333333333,47.509523809523806,16.44404761904762,3.9178571428571427,0.038037037037037036,0.17715873015873015,0.12674603174603175,0.06744973544973544,0.06426984126984127,0.06493650793650793,0.10170899470899471,0.02633862433862434,0.006666666666666667,0.025037037037037035,0.21115343915343915,0.07308465608465609,0.01741269841269841
30500,"Lexington Park, MD",450,289,161,19,137,109,111,41,93,111,77,8,9,63,108,10,3.982142857142857,49.08690476190476,37.61071428571429,44.39285714285714,11.28452380952381,24.49404761904762,37.10357142857143,24.425,3.025,4.376190476190477,15.320238095238095,31.51309523809524,2.3857142857142857,0.013779041028175976,0.16985088152908223,0.13014087988136433,0.15360850222441916,0.039046795188663705,0.08475449003130664,0.12838606030647554,0.08451557093425606,0.01046712802768166,0.015142527599275006,0.053011204481792716,0.10904185203493162,0.008255066732575382
30460,"Lexington-Fayette, KY",4405,3030,1375,340,1787,1308,587,713,648,520,337,67,98,851,675,196,119.36624486624487,737.8904512154512,535.8329115329116,234.24070374070374,273.42537185037185,212.02100677100677,168.8309274059274,100.87010489510489,24.78503996003996,39.605278055278056,288.8443473193473,223.53449883449883,70.75311355311355,0.039394800285889396,0.24352820172127101,0.17684254506036684,0.0773071629507273,0.09023939665028774,0.06997392962739497,0.055719778021758225,0.033290463661750785,0.00817988117493068,0.01307104886312807,0.09532816743212782,0.07377376199158377,0.02335086255878335
30620,"Lima, OH",306,237,69,39,128,119,115,44,121,112,59,2,6,99,85,31,7.31984126984127,32.617063492063494,29.456349206349206,34.64563492063492,10.259920634920634,29.47063492063492,27.08373015873016,13.957142857142857,0.5333333333333333,3.2,23.294444444444444,17.99563492063492,7.166269841269841,0.030885406201861896,0.13762474047284173,0.12428839327573504,0.14618411358917688,0.043290804366753734,0.1243486705512022,0.11427734244189941,0.05889089813140446,0.002250351617440225,0.01350210970464135,0.09828879512423816,0.07593094903221485,0.030237425490590046
30700,"Lincoln, NE",2103,1688,415,128,1065,802,468,433,492,361,153,80,104,284,487,165,31.01388888888889,415.63773448773446,283.461544011544,194.8988455988456,142.84924242424242,133.09329004329004,104.1599567099567,48.124242424242425,36.47186147186147,32.198448773448774,85.91948051948052,129.20281385281385,50.968650793650795,0.01837315692469721,0.24623088536003226,0.16792745498314218,0.11546140142111706,0.08462632845038058,0.07884673580763628,0.06170613549168051,0.02850962228924314,0.02160655300465727,0.019074910410810886,0.05090016618452637,0.07654195133460535,0.03019469833747085
30780,"Little Rock-North Little Rock-Conway, AR",5613,2923,2690,353,1651,1485,599,638,675,682,333,53,102,1002,683,261,109.38852813852813,628.7817821067821,550.0770202020202,206.1583694083694,215.5036075036075,207.1913059163059,206.58654401154402,128.1782106782107,19.96785714285714,33.135714285714286,330.55281385281387,196.96154401154402,90.51670274170274,0.03742337603097096,0.21511521796331923,0.1881891961005885,0.07052971926389648,0.07372685853698512,0.07088310157930411,0.070676203904052,0.04385159448450588,0.006831288793314109,0.011336200576706906,0.1130868333399979,0.06738335409221485,0.030967055334143942
30860,"Logan, UT-ID",245,135,110,12,69,78,31,18,57,47,22,5,11,36,47,9,3.7194444444444446,21.96230158730159,24.912301587301588,9.334523809523809,5.776190476190476,16.078968253968252,12.720634920634922,9.002777777777778,0.825,6.45,9.628968253968253,12.627777777777778,1.961111111111111,0.027551440329218108,0.16268371546149324,0.18453556731334508,0.06914462081128747,0.04278659611992945,0.11910346854791298,0.09422692533803646,0.06668724279835392,0.0061111111111111106,0.04777777777777778,0.0713256907701352,0.09353909465020577,0.014526748971193415
30980,"Longview, TX",691,557,134,58,293,295,173,77,215,183,44,18,74,232,155,33,14.786544011544011,86.87027417027417,92.11948051948052,59.96630591630591,19.402813852813853,56.02900432900433,58.42146464646464,13.451984126984128,4.954401154401154,24.688924963924965,75.99646464646464,40.6254329004329,9.686904761904762,0.026546757650886914,0.15596099491970228,0.16538506376926485,0.10765943611545047,0.03483449524742164,0.10059067204489108,0.10488593293799756,0.024150779402125903,0.0088947956093378,0.04432482040201968,0.1364388952360227,0.07293614524314704,0.017391211421732066
31020,"Longview-Kelso, WA",184,155,29,20,66,48,54,17,45,36,39,1,3,26,64,12,4.680952380952381,23.629761904761903,15.11547619047619,30.617857142857144,5.561904761904762,12.289285714285715,15.567857142857143,12.255952380952381,0.3333333333333333,0.75,6.964285714285714,24.69047619047619,2.5428571428571427,0.030199692780337944,0.1524500768049155,0.09751920122887865,0.19753456221198157,0.03588325652841782,0.07928571428571429,0.10043778801843319,0.07907066052227343,0.002150537634408602,0.004838709677419355,0.044930875576036866,0.15929339477726573,0.016405529953917048
31080,"Los Angeles-Long Beach-Anaheim, CA",106061,75517,30544,4436,35840,37215,7914,17219,7262,6440,6025,2755,10254,14018,17038,3962,1613.8438172938172,15681.555758130758,16991.497821622823,3957.1434204684206,8600.500202575202,2997.849805749806,3100.658066933067,2641.4513209013207,1343.6219197469197,4680.488586413587,5435.770837495837,6689.100202575202,1783.5182400932401,0.021370602874767504,0.20765596830026037,0.2250022885128226,0.05240069680295061,0.1138882662523035,0.039697681392928834,0.04105907367788799,0.03497823431679385,0.017792310602207716,0.061979270712734714,0.07198075714734217,0.08857740909431258,0.023617440312687747
31140,"Louisville/Jefferson County, KY-IN",8380,5919,2461,599,3143,2446,1060,1200,1304,1070,685,124,277,1699,1310,364,197.40172882672883,1284.4676379176378,1035.9894633144634,430.6520174270174,483.1450188700189,460.94025696525694,381.99938394938397,217.46796259296258,57.352702852702855,108.91861194361194,635.740256965257,485.23787601287603,139.68708236208235,0.03335052015994743,0.21700754146268594,0.17502778565880445,0.07275756334296629,0.0816261224649466,0.07787468440027995,0.06453782462398784,0.03674065933315807,0.009689593318584704,0.01840152254495894,0.10740669994344604,0.08197970535780978,0.02359977738842412
31180,"Lubbock, TX",1225,969,256,157,526,493,319,164,381,305,79,48,83,286,305,74,35.832142857142856,160.9111111111111,148.58333333333334,142.84801587301587,41.86031746031746,99.79047619047618,95.26547619047619,21.277380952380952,12.91468253968254,18.998809523809523,87.26468253968254,81.26547619047619,22.188095238095237,0.03697847560076662,0.1660589381951611,0.15333677330581355,0.14741797303716808,0.04319950202303144,0.1029829475649909,0.09831318492309205,0.021958081478205316,0.013327845758186315,0.019606614575654824,0.09005643192949694,0.08386530050616738,0.022897931102265467
31340,"Lynchburg, VA",703,388,315,69,208,181,122,62,141,133,40,6,18,137,161,47,17.659523809523808,69.29523809523809,51.58571428571428,38.760714285714286,19.896428571428572,38.0452380952381,41.68571428571428,11.170238095238094,1.542857142857143,6.08452380952381,37.83690476190476,43.96190476190476,10.475,0.04551423662248404,0.1785959744722631,0.13295287187039764,0.09989874815905744,0.05127945508100148,0.09805473735886108,0.10743740795287186,0.028789273441335295,0.0039764359351988215,0.01568176239567992,0.09751779577810506,0.11330387825233186,0.02699742268041237
31420,"Macon-Bibb County, GA",1270,1011,259,111,595,353,238,285,251,179,94,17,24,406,278,66,42.80357142857143,216.87186147186148,107.2551948051948,108.84924242424242,95.28694083694083,76.81670274170274,61.86749639249639,36.17186147186147,5.183766233766233,6.061544011544012,144.04209956709957,92.58852813852813,17.201190476190476,0.04233785502331497,0.214512226975135,0.1060882243374825,0.10766492821388964,0.0942501887605745,0.07598091270198096,0.061194358449551324,0.03577830016999156,0.005127365216385987,0.005995592494108815,0.14247487593184924,0.09158113564641754,0.01701403607931798
31540,"Madison, WI",5654,3041,2613,181,1540,1462,425,567,545,504,397,90,293,417,769,190,58.67420634920635,677.4301587301587,637.1718253968254,186.13492063492063,233.89920634920634,199.27777777777777,198.21944444444443,188.64642857142857,37.43333333333333,140.09166666666667,146.63373015873015,269.24444444444447,68.14285714285714,0.019294378937588407,0.22276558984878617,0.20952707181743682,0.06120845795294989,0.0769152273427183,0.06553034455040374,0.06518232306624283,0.06203434020763846,0.012309547298037925,0.04606763126164639,0.04821891817123648,0.08853812707808105,0.022408042467233522
31700,"Manchester-Nashua, NH",2263,1581,682,180,762,774,228,319,369,310,179,34,146,431,435,157,53.02626262626263,298.0603896103896,308.2865800865801,87.34880952380952,106.8508658008658,135.25165945165946,102.93419913419913,59.01277056277056,19.45,73.0992784992785,140.8603896103896,142.88300865800866,53.93578643578643,0.03353969805582709,0.18852649564224516,0.19499467431156237,0.05524908888286497,0.06758435534526616,0.08554817169617929,0.06510702032523664,0.037326230589987706,0.012302340290955092,0.046236102782592346,0.0890957556042945,0.09037508454016993,0.03411498193281874
31740,"Manhattan, KS",375,215,160,20,112,87,83,38,85,85,39,5,7,40,68,21,4.113492063492063,35.66547619047619,25.682142857142857,33.99246031746032,9.386904761904761,25.679761904761904,25.91547619047619,14.652380952380952,2.1166666666666667,2.555555555555556,12.20357142857143,18.705952380952382,4.33015873015873,0.019132521225544482,0.1658859357696567,0.11945182724252493,0.15810446659283872,0.04366002214839424,0.11944075304540422,0.1205370985603544,0.06815060908084164,0.009844961240310078,0.011886304909560726,0.0567607973421927,0.0870044296788483,0.02014027316352898
31860,"Mankato, MN",352,241,111,23,144,116,53,56,91,75,26,1,6,74,113,9,7.085714285714285,46.401984126984125,34.74484126984127,19.2218253968254,14.68531746031746,26.511507936507936,27.190079365079363,6.841269841269841,0.5,2.811111111111111,22.150396825396825,30.64484126984127,2.2111111111111112,0.02940130409010077,0.1925393532240005,0.14416946584996376,0.07975861160508464,0.060934927221234274,0.11000625699795824,0.11282190607916748,0.028387011789501416,0.002074688796680498,0.011664361456892576,0.09191036027135613,0.12715701771718368,0.00917473490087598
31900,"Mansfield, OH",314,230,84,38,117,93,109,49,107,97,60,0,4,96,70,18,8.613924963924964,32.2004329004329,24.68654401154401,32.566305916305915,13.891305916305916,25.994877344877345,26.632972582972585,17.171861471861472,0.0,0.8666666666666667,26.552020202020202,16.069877344877344,4.753210678210678,0.037451847669238966,0.1400018821757952,0.10733280005019134,0.14159263441872136,0.06039698224480832,0.11302120584729279,0.115795532969446,0.07466026726896291,0.0,0.003768115942028985,0.11544356609574,0.06986903193424931,0.020666133383524684
32580,"McAllen-Edinburg-Mission, TX",1366,1134,232,122,642,554,516,207,285,401,69,162,20,570,378,53,28.00559163059163,189.5492424242424,148.17305194805195,187.14765512265512,50.29765512265512,65.07305194805194,106.34725829725829,16.36273448773449,52.550036075036076,4.053968253968254,175.36987734487735,96.34249639249639,14.727380952380953,0.024696288915865637,0.1671510074287852,0.1306640669735908,0.1650332055755336,0.04435419322985461,0.057383643693167494,0.09378065105578333,0.014429219124986322,0.046340419819255796,0.003574927913552252,0.15464715815244917,0.08495810969355942,0.012987108423616361
32780,"Medford, OR",681,396,285,27,179,199,73,78,111,96,58,7,27,78,135,22,7.9261904761904765,66.90079365079364,72.18412698412698,33.698412698412696,28.274603174603175,33.98412698412698,35.0484126984127,27.35952380952381,3.5095238095238095,10.327380952380953,27.905555555555555,42.884126984126986,5.997222222222222,0.020015632515632518,0.16894139810806477,0.18228314894981562,0.08509700176366844,0.07140051306717975,0.08581850248516916,0.08850609267275934,0.0690897065897066,0.008862433862433863,0.026079244829244834,0.07046857463524131,0.10829324995991665,0.015144500561167229
32820,"Memphis, TN-MS-AR",6487,4426,2061,514,2336,2245,929,1153,1007,959,582,160,309,1350,1084,390,170.79545454545453,794.5680735930736,842.3867243867244,354.81208513708515,423.9569624819625,300.6287878787879,301.22835497835496,170.6314935064935,59.90689033189033,100.51078643578643,416.62200577200576,357.1732323232323,132.77914862914864,0.038589122129564966,0.17952283632920776,0.19032686949541897,0.08016540558903867,0.09578783607816595,0.06792335921346314,0.06805882398968707,0.038552077159171604,0.013535221493874905,0.02270917000356675,0.09413059326073334,0.0806988776148288,0.02999980764327805
32900,"Merced, CA",215,143,72,6,57,49,46,22,41,36,23,5,3,34,38,7,1.6583333333333332,23.03333333333333,15.666666666666666,28.358333333333334,8.291666666666666,14.166666666666666,16.316666666666666,8.558333333333334,1.6166666666666667,1.75,9.65,11.916666666666666,2.0166666666666666,0.011596736596736596,0.16107226107226105,0.10955710955710955,0.19831002331002331,0.05798368298368298,0.09906759906759906,0.1141025641025641,0.05984848484848485,0.011305361305361306,0.012237762237762238,0.06748251748251749,0.08333333333333333,0.014102564102564103
33100,"Miami-Fort Lauderdale-West Palm Beach, FL",51707,37675,14032,3528,20951,19436,5326,5383,8287,5173,4470,2212,2301,9885,14011,2471,1020.8169164169165,8087.919297369297,7455.7252497502495,2245.9256105006107,1963.6847014097013,2578.883583083583,1844.6977966477966,1446.2577533577532,1008.8797952047952,775.1591963591964,3614.914535464535,4752.426837051837,879.7087273837274,0.027095339520024325,0.21467602647297404,0.1978958261380292,0.05961315489052716,0.05212169081379433,0.06845079185357884,0.04896344516649759,0.03838773067970148,0.026778494895946785,0.020574895722871835,0.09594995449142761,0.12614271631192664,0.023349933042700128
33140,"Michigan City-La Porte, IN",211,120,91,15,63,52,32,19,48,39,14,1,1,39,45,7,4.094047619047619,21.002380952380953,16.685714285714287,10.461904761904762,5.266666666666667,16.311904761904763,13.153571428571428,6.1,0.3333333333333333,0.5,11.145238095238096,13.178571428571429,1.7666666666666666,0.03411706349206349,0.17501984126984127,0.13904761904761906,0.08718253968253968,0.04388888888888889,0.13593253968253968,0.10961309523809523,0.05083333333333333,0.0027777777777777775,0.004166666666666667,0.09287698412698413,0.10982142857142857,0.014722222222222222
33220,"Midland, MI",387,308,79,28,130,164,86,56,110,88,43,8,32,53,83,21,5.871067821067821,47.41075036075036,64.82463924963925,30.09170274170274,19.568290043290045,34.634559884559884,24.75122655122655,12.14126984126984,1.8909090909090909,18.707575757575757,15.48015873015873,23.684559884559885,8.943290043290043,0.019061908509960458,0.1539310076647739,0.2104696079533742,0.09770033357695694,0.06353340923146118,0.11244986975506456,0.08036112516631998,0.03941970727685013,0.006139315230224321,0.06073888232979142,0.05026025561739847,0.0768979217031165,0.02903665598470793
33260,"Midland, TX",678,549,129,39,210,390,144,64,149,113,26,12,12,115,151,27,9.273809523809524,70.12142857142857,201.4936507936508,65.23412698412699,18.170238095238094,46.76309523809524,33.58571428571428,7.815873015873016,2.6,3.603968253968254,31.673412698412697,49.070238095238096,9.594444444444445,0.01689218492497181,0.1277257351027843,0.3670194003527337,0.11882354641917484,0.03309697285107121,0.085178679850811,0.06117616445485297,0.014236562870442651,0.004735883424408015,0.0065646051984849805,0.05769291930494116,0.0893811258565357,0.017476219388787694
33340,"Milwaukee-Waukesha, WI",10285,6328,3957,483,2910,3099,776,1143,1003,898,624,111,574,1127,1448,394,191.59047619047618,1268.4202380952381,1485.6757936507936,358.18095238095236,528.5083333333333,380.00714285714287,378.74285714285713,286.8543650793651,56.15515873015873,293.1146825396825,441.5329365079365,509.9115079365079,149.30555555555554,0.030276623923905843,0.20044567605803384,0.23477809634178154,0.05660255252543495,0.08351901601348503,0.060051697670218535,0.05985190536391548,0.04533096793289587,0.008874076916902455,0.046320272209178656,0.0697744842774868,0.08058020036923323,0.02359443039752774
33460,"Minneapolis-St. Paul-Bloomington, MN-WI",29908,17422,12486,1288,8450,9018,2184,3707,2984,2332,1318,498,1997,2984,4319,1158,449.43532856032857,3541.843337218337,4071.6433372183374,912.646114996115,1564.8318292818292,1070.4564324564324,906.2199245199245,466.94607892107894,264.90480907980907,1037.2412448662449,1115.868734043734,1563.441353091353,456.52147574647574,0.025796999687769977,0.20329717238080228,0.23370699903675451,0.05238469262978504,0.08981929912075705,0.06144279832719736,0.05201583770634396,0.026802093842330326,0.015205189362863566,0.05953629002790982,0.06404940500767616,0.08973948760712622,0.026203735262683717
33500,"Minot, ND",175,96,79,11,49,46,28,6,38,26,12,3,3,23,34,4,2.7666666666666666,18.46904761904762,15.119047619047619,11.676190476190476,1.342857142857143,11.642857142857142,7.742857142857143,5.2595238095238095,1.4166666666666665,0.5928571428571429,8.652380952380952,10.119047619047619,1.2,0.02881944444444444,0.19238591269841265,0.15749007936507933,0.1216269841269841,0.013988095238095237,0.12127976190476188,0.0806547619047619,0.05478670634920634,0.01475694444444444,0.006175595238095237,0.09012896825396824,0.10540674603174602,0.012499999999999997
33540,"Missoula, MT",1037,707,330,61,457,401,120,198,157,134,61,8,40,292,290,66,16.654437229437228,162.307215007215,130.5167388167388,45.00721500721501,52.68697691197691,42.99411976911977,41.6774531024531,19.57507215007215,2.408333333333333,11.236904761904762,84.08935786435786,81.40007215007215,16.446103896103896,0.023556488301891415,0.22957173268347247,0.18460641982565607,0.06365942716720653,0.07452189096460668,0.060812050592814394,0.05894972150276253,0.02768751364932412,0.0034064120697784067,0.01589378325587661,0.11893827137815824,0.11513447263093658,0.023261815977516122
33660,"Mobile, AL",1867,1337,530,180,885,655,263,322,297,183,138,25,26,604,416,73,59.98730158730159,324.3706349206349,211.65396825396826,88.88492063492063,103.63968253968254,81.66944444444444,53.1702380952381,50.87261904761905,7.385714285714285,8.737301587301587,206.22063492063492,119.93730158730159,20.470238095238095,0.04486709168833328,0.24261079650010092,0.15830513706355143,0.06648086808894588,0.07751659127874536,0.06108410205268843,0.03976831570324465,0.03804982726074723,0.005524094454535741,0.006535004926927141,0.15424131258087878,0.08970628390972445,0.015310574491576735
33700,"Modesto, CA",794,558,236,62,272,236,130,129,123,134,47,25,32,161,136,33,20.90674603174603,97.01388888888889,79.53055555555555,67.54920634920634,50.671031746031744,46.337698412698415,49.6281746031746,19.19126984126984,10.011111111111111,9.833333333333334,55.359920634920634,42.26706349206349,9.7,0.03746728679524378,0.1738600159299084,0.1425278773397053,0.12105592535700062,0.09080830062012857,0.08304247027365308,0.08893938100927348,0.03439295670478466,0.017941059338908803,0.01762246117084827,0.09921132730272515,0.075747425613017,0.017383512544802866
33740,"Monroe, LA",778,484,294,77,255,218,67,108,135,125,58,2,12,263,143,47,19.932142857142857,83.475,70.73214285714286,23.610714285714284,31.50595238095238,36.51547619047619,41.897619047619045,24.11904761904762,1.1428571428571428,4.316666666666666,90.10119047619048,40.055952380952384,16.595238095238095,0.04118211334120425,0.1724690082644628,0.14614079102715466,0.04878246753246753,0.06509494293585202,0.0754451987406533,0.08656532861078316,0.0498327430145612,0.0023612750885478157,0.008918732782369146,0.18615948445493902,0.08276023219205038,0.03428768201495474
33780,"Monroe, MI",242,173,69,14,82,69,86,18,80,77,33,5,7,29,62,8,2.8845238095238095,24.97142857142857,25.070238095238096,28.454761904761906,6.192857142857143,22.104761904761904,21.886904761904763,11.220238095238095,1.8583333333333334,1.5928571428571427,7.234523809523809,16.945238095238096,2.5833333333333335,0.016673548031929535,0.14434351775392237,0.14491467107074044,0.1644783925130746,0.03579686209744013,0.12777319020093586,0.126513900357831,0.06485686760253234,0.010741811175337188,0.009207266721717589,0.041818056702449764,0.0979493531516653,0.014932562620423893
33860,"Montgomery, AL",2696,1440,1256,146,902,608,322,330,256,279,183,16,32,502,269,74,51.39206349206349,378.4611111111111,235.78492063492064,121.32619047619048,105.4968253968254,72.38095238095238,85.18968253968254,80.09285714285714,5.44563492063492,9.977777777777778,184.71349206349205,83.55515873015872,26.183333333333334,0.035688932980599636,0.2628202160493826,0.16373952821869484,0.08425429894179892,0.07326168430335095,0.05026455026455025,0.05915950176366841,0.05562003968253967,0.0037816909171075825,0.006929012345679011,0.128273258377425,0.05802441578483243,0.018182870370370363
34060,"Morgantown, WV",891,484,407,34,293,215,107,117,69,96,43,2,11,176,148,29,8.943650793650793,115.0579365079365,90.39365079365079,36.12222222222222,43.07142857142857,19.072222222222223,29.08888888888889,13.28968253968254,0.6111111111111112,3.776190476190476,65.88174603174603,47.99126984126984,10.7,0.018478617342253704,0.2377230093139184,0.18676374130919585,0.07463269054178144,0.0889905548996458,0.03940541781450872,0.0601010101010101,0.027458021776203594,0.0012626262626262627,0.007802046438410075,0.13611930998294636,0.09915551620097074,0.022107438016528924
34100,"Morristown, TN",232,155,77,16,90,50,75,37,66,69,41,11,2,68,41,9,4.07063492063492,25.300396825396824,15.196428571428571,24.618253968253967,8.740873015873015,15.452777777777778,15.48611111111111,13.18015873015873,2.0956349206349207,0.25,17.28611111111111,11.272619047619047,2.05,0.026262160778289807,0.1632283666154634,0.09804147465437787,0.15882744495647722,0.056392729134664615,0.09969534050179212,0.09991039426523297,0.08503328213005633,0.013520225294418844,0.0016129032258064516,0.11152329749103942,0.07272657450076804,0.013225806451612901
34580,"Mount Vernon-Anacortes, WA",402,318,84,22,151,108,99,59,101,74,69,13,3,78,116,12,5.55995670995671,51.248051948051945,35.748051948051945,47.029761904761905,18.68257575757576,31.198051948051948,24.870238095238093,24.195670995670994,4.142099567099567,1.5909090909090908,23.00638528138528,46.770670995671,3.9575757575757575,0.01748414059734815,0.16115739606305646,0.11241525769827658,0.1478923330338425,0.05875023823137032,0.09810708159764765,0.07820829589697514,0.07608701570965723,0.013025470336791094,0.005002858776443683,0.07234712352636882,0.1470775817473931,0.01244520678482943
34620,"Muncie, IN",238,154,84,26,82,54,39,21,73,50,32,1,7,35,47,3,8.652380952380952,28.445238095238096,16.061904761904763,13.269047619047619,8.083333333333334,24.154761904761905,16.438095238095237,11.335714285714285,0.14285714285714285,1.9833333333333334,9.82857142857143,14.928571428571429,0.6761904761904762,0.05618429189857762,0.18470933828076688,0.10429808286951148,0.0861626468769326,0.0524891774891775,0.15684910327767473,0.1067408781694496,0.07360853432282005,0.000927643784786642,0.012878787878787882,0.06382189239332098,0.0969387755102041,0.0043908472479901066
34740,"Muskegon-Norton Shores, MI",343,298,45,26,145,134,115,51,108,117,46,6,14,52,111,22,5.488888888888889,45.81309523809524,43.2047619047619,42.73095238095238,18.077777777777776,31.553174603174604,39.06984126984127,12.892460317460317,1.244047619047619,3.0944444444444446,17.456746031746032,31.64761904761905,5.726190476190476,0.01841909023117077,0.15373521891978267,0.144982422499201,0.1433924576542026,0.060663683818046224,0.10588313625226377,0.1311068498987962,0.0432632896559071,0.004174656439757111,0.010384041759880686,0.0585796846702887,0.10620006391818473,0.019215404282518375
34820,"Myrtle Beach-Conway-North Myrtle Beach, SC",1132,758,374,68,408,281,195,197,217,175,61,15,12,367,338,52,17.125,131.97976190476192,84.3547619047619,67.8047619047619,59.80595238095238,60.03690476190476,52.01309523809524,22.13015873015873,5.006746031746031,3.3511904761904763,125.86190476190475,112.47857142857143,16.051190476190477,0.02259234828496042,0.1741157808769946,0.11128596557356452,0.08945219248649328,0.07889967332579469,0.07920435984420153,0.06861885915315995,0.029195460066172466,0.006605205846630648,0.004421095615027014,0.16604472923734137,0.14838861666038447,0.021175713029275036
34900,"Napa, CA",621,421,200,19,188,185,54,70,99,58,36,8,28,52,150,22,6.816666666666666,79.05952380952381,78.33333333333333,34.40952380952381,29.284523809523808,45.292857142857144,28.426190476190477,18.841666666666665,2.8666666666666663,12.2,17.892857142857142,59.60952380952381,7.966666666666667,0.016191607284243865,0.18778984277796631,0.18606492478226447,0.08173283565207558,0.06955943897749124,0.10758398371224977,0.06752064246126005,0.04475455265241489,0.006809184481393508,0.028978622327790977,0.04250084832032576,0.14159031783734874,0.018923198733174985
34940,"Naples-Marco Island, FL",2497,1800,697,162,800,915,360,189,631,317,170,68,97,324,831,228,42.31309523809524,277.86587301587304,353.3880952380952,168.55753968253967,67.54801587301587,209.74920634920633,113.30039682539683,53.555952380952384,32.05396825396825,39.94880952380952,99.57301587301588,265.54325396825396,76.60277777777777,0.02350727513227513,0.15436992945326278,0.19632671957671954,0.09364307760141091,0.03752667548500881,0.11652733686067017,0.06294466490299823,0.029753306878306875,0.01780776014109347,0.022193783068783064,0.05531834215167548,0.1475240299823633,0.042557098765432094
34980,"Nashville-Davidson--Murfreesboro--Franklin, TN",13559,9564,3995,807,5383,5596,2203,2287,2327,2019,1463,377,1111,2307,2405,735,252.9390082140082,1870.660581085581,2281.008669108669,732.6709346209346,719.004304029304,630.8213675213675,553.5582362082362,372.7844266844267,112.6933732933733,365.7066128316128,659.3415695415696,773.8602564102564,238.95066045066045,0.02644698956650023,0.19559395452588677,0.23849944260860195,0.07660716589512073,0.07517819991941697,0.06595790124648343,0.05787936388626476,0.03897787815604629,0.01178307959989265,0.03823783070175792,0.06893993826239748,0.08091387039003099,0.024984385241599797
35380,"New Orleans-Metairie, LA",13628,8327,5301,682,5422,4614,1062,1600,1212,877,963,155,470,3886,2069,476,192.89801587301588,2179.8174603174602,1696.6912698412698,374.2309523809524,520.6388888888889,366.93055555555554,278.51468253968255,335.38690476190476,74.52936507936508,136.37301587301587,1382.615476190476,634.3579365079365,154.0154761904762,0.02316536758412584,0.26177704579289784,0.203757808315272,0.0449418701069956,0.06252418504730262,0.04406515618536754,0.03344718176290171,0.04027703912116065,0.008950326057327379,0.016377208583285202,0.1660400475790172,0.07618084982682077,0.018495914037525662
35620,"New York-Newark-Jersey City, NY-NJ",230791,131140,99651,9836,62503,72648,14516,19032,14885,12671,9929,4583,13235,23135,35557,9128,3599.5742146742145,27674.892143967143,36876.269524919524,5674.079445554446,7759.908377733378,5313.438572538573,4938.557764457764,3750.2180819180817,2222.1582334332334,6071.581177156177,9167.343262293261,14016.64135031635,4075.337851037851,0.027448331665961685,0.21103318700600235,0.2811977239966412,0.043267343644612224,0.059172703810686136,0.040517298860291096,0.037658668327419285,0.02859705720541469,0.016944930863453056,0.046298468637762526,0.06990501191317114,0.10688303607073625,0.031076237997848498
35660,"Niles, MI",403,318,85,35,158,157,87,54,115,91,53,9,25,58,107,22,9.628968253968255,53.08849206349206,59.630158730158726,32.94206349206349,16.041666666666668,35.27896825396825,28.81468253968254,16.799206349206347,2.3,11.442857142857143,17.934920634920633,28.63611111111111,5.461904761904762,0.030279774383547977,0.16694494359588702,0.18751622242188282,0.10359139462913049,0.050445492662473806,0.11094015174203854,0.09061220924428473,0.05282769292203255,0.007232704402515724,0.03598382749326146,0.05639912149346112,0.0900506638714186,0.017175801138065293
35840,"North Port-Bradenton-Sarasota, FL",3925,2798,1127,224,1327,1275,457,400,957,466,321,61,117,612,1168,257,63.92738095238095,487.056746031746,462.309126984127,218.67222222222222,157.32857142857142,327.78055555555557,176.33769841269842,109.2468253968254,30.327380952380953,52.148809523809526,228.52857142857144,395.81388888888887,88.52222222222223,0.022847527145239795,0.17407317585123158,0.16522842279632843,0.07815304582638392,0.05622893903808843,0.11714816138511636,0.0630227656943168,0.0390446123648411,0.010838949589843085,0.018637887606793968,0.08167568671500051,0.14146314828051781,0.03163767770629815
36100,"Ocala, FL",775,532,243,43,314,208,123,92,183,131,76,10,14,181,187,24,11.488492063492064,116.61349206349206,59.15515873015873,51.99166666666667,28.645238095238096,60.55277777777778,44.43730158730159,20.513492063492063,2.9027777777777777,5.191666666666666,66.48730158730159,56.19563492063492,7.824999999999999,0.02159490989378207,0.21919829335242863,0.11119390738751639,0.09772869674185462,0.05384443250984603,0.11382101086048452,0.08352876238214584,0.03855919560806778,0.005456349206349205,0.009758771929824559,0.12497613080319844,0.10563089270796036,0.014708646616541348
36220,"Odessa, TX",250,215,35,25,119,89,82,53,76,78,18,12,17,78,59,12,4.784920634920635,37.80873015873016,23.715873015873015,35.29206349206349,12.080158730158729,19.21825396825397,27.975396825396825,5.039285714285715,4.042857142857143,2.713095238095238,26.49642857142857,13.534920634920635,2.298015873015873,0.02225544481358435,0.17585455887781468,0.1103063861203396,0.16414913252122554,0.05618678479143595,0.08938722775932079,0.13011812476928755,0.023438538205980068,0.018803986710963453,0.012619047619047618,0.1232392026578073,0.062953119232189,0.010688445921004059
36260,"Ogden, UT",1463,880,583,121,392,415,212,101,213,250,115,25,73,211,242,57,41.343650793650795,144.89365079365078,160.81984126984128,81.14404761904761,32.21031746031746,71.16468253968254,90.09960317460317,38.459920634920636,9.453968253968254,40.49444444444445,70.48650793650793,79.14365079365079,20.285714285714285,0.04698142135642136,0.16465187590187588,0.18274981962481962,0.09220914502164501,0.03660263347763348,0.08086895743145743,0.1023859126984127,0.04370445526695527,0.010743145743145744,0.04601641414141414,0.08009830447330447,0.08993596681096681,0.02305194805194805
36420,"Oklahoma City, OK",8156,6076,2080,937,3663,3435,1088,1774,2031,1418,1047,470,276,1985,1506,889,228.40253635253634,1296.3477022977022,1208.9794483294484,347.57580475080476,500.7782217782218,504.20960705960704,372.9615911865912,249.08377733377733,86.32685092685092,82.74773837273837,592.1380702630703,399.3817571317571,207.0668942168942,0.03759093751687564,0.21335544804109652,0.1989762094024767,0.057204707826004744,0.08241906217548088,0.0829838062968412,0.06138275035987348,0.04099469673037811,0.014207842483023524,0.013618785117303881,0.09745524527041975,0.06573103310265918,0.03407947567756653
36500,"Olympia-Lacey-Tumwater, WA",1737,1312,425,99,818,645,307,225,234,230,342,30,34,223,315,93,21.65714285714286,325.96706349206346,242.3563492063492,123.83849206349207,79.18492063492063,67.84563492063492,81.33690476190476,130.4218253968254,9.472222222222221,12.23452380952381,75.35992063492063,110.84880952380952,31.476190476190474,0.016506968641114988,0.2484505057104143,0.18472282713898572,0.0943890945605885,0.06035436024003099,0.05171161198219127,0.061994592044134746,0.09940687911343403,0.00721968157181572,0.009325094367015101,0.05743896389856757,0.08448842189314754,0.023990998838559822
36540,"Omaha, NE-IA",5943,4620,1323,383,2529,2384,1145,1023,1324,921,365,207,325,798,1370,554,110.72662337662338,953.7262265512265,924.6123376623376,454.5536075036075,357.2147186147186,373.20598845598846,283.6265873015873,122.58297258297259,81.66349206349206,127.9067821067821,233.0020202020202,410.89011544011544,186.28852813852814,0.023966801596671732,0.2064342481712612,0.20013254061955363,0.0983882267323826,0.07731920316335902,0.0807805169818157,0.06139103621246479,0.02653311094869537,0.017676080533223393,0.027685450672463665,0.050433337706064986,0.08893725442426743,0.04032219223777666
36740,"Orlando-Kissimmee-Sanford, FL",13105,9915,3190,1019,5515,4554,1838,1657,2412,1818,1024,484,596,2959,3679,525,274.86438006438004,2049.692157842158,1563.5540626040627,798.385014985015,636.6020784770785,701.3493006993007,620.4556499056499,302.2333555333555,202.78804528804528,201.50835553335554,1211.9135503385503,1190.38064990565,161.27339882339882,0.027722075649458396,0.20672639010006633,0.1576958207366679,0.08052294654412656,0.06420595849491462,0.07073618766508326,0.06257747351544628,0.030482436261558794,0.02045265207141152,0.020323586034629904,0.12223031269173475,0.12005856277414521,0.016265597460756308
36780,"Oshkosh-Neenah, WI",532,346,186,51,163,155,64,81,118,101,61,4,51,59,127,31,15.966269841269842,52.12103174603175,47.44484126984127,23.67142857142857,31.348412698412698,33.53531746031746,34.278174603174605,18.814285714285713,1.3333333333333333,27.34722222222222,15.267460317460317,34.12103174603175,10.751190476190477,0.04614528855858337,0.1506388200752363,0.13712381869896323,0.06841453344343519,0.09060234883934307,0.09692288283328747,0.09906986879530234,0.05437654830718415,0.003853564547206166,0.07903821451509314,0.04412560785393156,0.09861569868795304,0.03107280484448115
36980,"Owensboro, KY",292,211,81,32,129,66,55,48,79,70,35,2,2,61,77,13,8.15515873015873,42.73253968253968,20.914682539682538,20.97063492063492,16.586904761904762,21.523015873015872,22.030158730158732,10.10515873015873,0.5833333333333333,0.47619047619047616,19.51468253968254,23.39920634920635,4.008333333333333,0.03865004137515986,0.2025238847513729,0.09912171819754757,0.09938689535845935,0.07861092304220266,0.10200481456405626,0.10440833521402243,0.0478917475362973,0.0027646129541864135,0.0022568269013766643,0.09248664710750018,0.11089671255548032,0.01899684044233807
37100,"Oxnard-Thousand Oaks-Ventura, CA",3933,2769,1164,161,1214,1168,397,666,498,431,251,63,289,524,666,142,52.68502886002886,502.8393939393939,476.64534632034633,217.54058441558442,344.1548701298701,207.80367965367964,202.31637806637806,115.1547619047619,28.982251082251082,142.01439393939393,195.0797619047619,228.79296536796537,54.990584415584415,0.019026734871805295,0.1815960252579971,0.17213627530528938,0.07856286905582681,0.12428850492230774,0.07504647152534476,0.07306478081125968,0.041587129615298625,0.010466685114572438,0.05128724952668614,0.07045134052176306,0.08262656748572242,0.01985936598612655
37140,"Paducah, KY-IL",400,290,110,35,179,88,101,83,89,106,44,3,13,120,92,13,7.137612387612387,60.47610445110445,25.17610445110445,39.81658064158064,22.35705683205683,23.02610445110445,36.46658064158064,11.365390165390165,0.25384615384615383,3.287179487179487,34.02610445110445,24.316580641580643,2.294755244755245,0.024612456509008233,0.208538291210705,0.08681415327967051,0.13729855393648496,0.07709329942088562,0.07940036017622225,0.12574682979855395,0.03919100057031091,0.0008753315649867373,0.011335101679929266,0.11733139465898086,0.08385027807441602,0.007912949119845672
37340,"Palm Bay-Melbourne-Titusville, FL",1764,1268,496,164,642,511,369,176,430,332,197,37,80,356,435,99,41.91626984126984,217.78095238095239,163.10476190476192,159.90555555555557,54.02936507936508,133.3904761904762,107.01785714285714,60.24960317460317,10.762301587301588,33.21666666666667,127.16626984126984,130.99166666666667,28.46825396825397,0.033056995142957284,0.17175153973261229,0.12863151569776177,0.12610848229933405,0.04260990936858445,0.10519753642782034,0.08439894096439837,0.04751545991687947,0.0084876195483451,0.02619610935856993,0.10028885634169546,0.10330573080967403,0.022451304391367482
37460,"Panama City-Panama City Beach, FL",615,437,178,54,240,177,152,58,126,123,71,6,14,137,156,26,12.343362193362193,81.51955266955267,50.73383838383838,64.98621933621934,21.584632034632033,33.80407647907648,44.56955266955267,25.513600288600287,1.75,3.5666666666666664,47.19098124098124,42.13344155844156,7.304076479076479,0.028245680076343694,0.18654359878616172,0.1160957400087835,0.14870988406457517,0.04939275065133189,0.07735486608484321,0.10198982304245464,0.058383524687872515,0.004004576659038902,0.008161708619374524,0.10798851542558636,0.096415198074237,0.01671413381939698
37620,"Parkersburg-Vienna, WV",221,113,108,12,68,44,28,21,36,23,8,0,2,45,44,5,4.066666666666666,25.28333333333333,15.183333333333334,8.8,7.233333333333333,10.9,6.5,2.6,0.0,0.3666666666666667,16.78333333333333,13.95,1.3333333333333333,0.0359882005899705,0.2237463126843658,0.13436578171091448,0.07787610619469028,0.0640117994100295,0.09646017699115046,0.057522123893805316,0.023008849557522127,0.0,0.0032448377581120952,0.14852507374631269,0.12345132743362833,0.011799410029498527
37860,"Pensacola-Ferry Pass-Brent, FL",1806,1344,462,128,775,515,329,270,343,292,129,16,41,566,441,75,31.711904761904762,285.5464285714286,163.49642857142857,144.23888888888888,85.91388888888889,105.67103174603174,99.25952380952381,41.773809523809526,5.402777777777778,15.108333333333333,212.21150793650793,132.23174603174604,21.433730158730157,0.023595167233560088,0.21246014030612242,0.12164912840136052,0.10732060185185183,0.06392402447089947,0.07862427957294027,0.07385381235827664,0.031081703514739226,0.004019923941798941,0.011241319444444443,0.1578954672146636,0.09838671579743008,0.015947715891912316
37900,"Peoria, IL",1438,1032,406,96,538,469,168,310,287,234,116,18,73,327,336,86,31.40277777777778,185.1329365079365,177.09007936507936,60.669444444444444,112.04087301587302,75.40436507936508,75.06031746031746,38.41031746031746,5.476190476190476,43.203968253968256,106.72103174603174,95.74960317460318,25.63809523809524,0.030429048234280793,0.17939238033714777,0.171598914113449,0.05878822136089578,0.10856673741848161,0.07306624523194291,0.07273286575612158,0.0372192998646487,0.005306386120339609,0.04186431032361265,0.10341185246708502,0.09278062323120463,0.02484311554078996
37980,"Philadelphia-Camden-Wilmington, PA-NJ-DE-MD",51421,32037,19384,2749,17018,16051,3850,6495,4327,3660,2388,695,2586,9076,7747,1772,1007.8017787767787,7195.017651792652,7289.714874014874,1487.1224136974138,2787.058127983128,1478.1839216339217,1386.7426517926517,865.9039072039072,320.0311799311799,1258.9888999889,3590.3636835386833,2696.8791597291597,673.1917499167499,0.03145743292994908,0.22458462564511825,0.22754049611433264,0.04641890357079046,0.08699497855551795,0.04613989829365802,0.043285658825503386,0.027028245691041838,0.009989424101232323,0.039297964852792085,0.11206928499980284,0.08418014045413616,0.021012945966125105
38060,"Phoenix-Mesa-Chandler, AZ",21234,17260,3974,1497,8926,8644,3500,2435,2511,2267,775,634,1420,4124,4632,1041,504.1545787545787,3649.798626373626,3601.771606171606,1852.164787989788,958.5982295482295,921.8898962148962,945.589824064824,268.1358558108558,334.1575369075369,603.1385975135975,1556.0045066045066,1673.772039072039,390.82391497391495,0.029209419394819153,0.21145994359059242,0.2086773815858404,0.10730966326707923,0.05553871550105616,0.053411929097039165,0.05478504195045329,0.015535101727164295,0.019360228094295297,0.034944298813070526,0.09015089841277556,0.09697404629617837,0.022643332269635857
38240,"Pinehurst-Southern Pines, NC",367,202,165,15,82,90,36,32,73,47,15,1,4,53,68,17,3.966666666666667,29.666666666666668,34.983333333333334,18.2,12.75,26.933333333333334,16.233333333333334,7.683333333333334,0.5,2.75,16.816666666666666,25.566666666666666,5.95,0.019636963696369636,0.14686468646864687,0.1731848184818482,0.0900990099009901,0.06311881188118812,0.13333333333333333,0.08036303630363037,0.03803630363036304,0.0024752475247524753,0.013613861386138614,0.08325082508250825,0.12656765676567658,0.029455445544554457
38300,"Pittsburgh, PA",15983,9693,6290,729,4812,5098,1205,2183,1822,1404,756,122,638,2510,2540,589,258.28181818181815,1934.823088023088,2313.552056277056,468.09051226551225,898.2853896103896,601.8103896103896,528.1270562770562,290.7516233766234,57.077813852813854,321.79686147186146,932.6310245310245,856.8949134199135,230.8774531024531,0.02664622079663862,0.199610346437954,0.23868276656113238,0.04829160345254434,0.09267361906637674,0.06208711334059524,0.054485407642325,0.029996040789912658,0.0058885601828963016,0.03319889213575379,0.09621696322408177,0.08840347812028407,0.023818988249505117
38340,"Pittsfield, MA",677,407,270,26,194,184,79,74,124,115,61,2,31,100,190,21,6.567460317460317,66.93769841269841,64.44603174603175,30.96031746031746,22.024603174603175,40.40595238095238,34.63769841269841,29.71785714285714,0.45,10.948412698412698,29.76388888888889,61.163888888888884,8.976190476190476,0.016136266136266137,0.16446608946608945,0.15834405834405835,0.07606957606957607,0.054114504114504115,0.09927752427752427,0.0851049101049101,0.07301684801684802,0.0011056511056511057,0.0269002769002769,0.07312994812994814,0.15027982527982528,0.022054522054522054
38540,"Pocatello, ID",267,182,85,28,121,90,63,56,55,61,16,7,8,86,39,11,7.273412698412699,37.38809523809524,26.120238095238093,19.484126984126984,12.878571428571428,12.144047619047619,16.63531746031746,8.826190476190476,2.2111111111111112,2.7694444444444444,24.586904761904762,9.579761904761904,2.102777777777778,0.03996380603523461,0.205429094714809,0.14351779173207743,0.10705564276992849,0.07076138147566718,0.06672553636839351,0.09140284318855747,0.048495552066980634,0.01214896214896215,0.015216727716727716,0.135092883307169,0.052636054421768705,0.011553724053724054
38940,"Port St. Lucie, FL",1449,1096,353,115,611,504,280,175,386,252,151,40,39,338,442,100,25.4992784992785,208.8353896103896,155.60046897546897,109.82665945165945,55.786976911976915,114.36273448773449,75.29173881673881,45.78935786435786,16.518290043290044,11.838961038961038,120.58221500721501,126.94650072150073,29.12142857142857,0.023265765054086222,0.19054323869561093,0.14197123081703372,0.10020680606903234,0.05090052637954098,0.10434556066399132,0.06869684198607556,0.041778611190107534,0.01507143252125004,0.01080197175087686,0.11002026916716698,0.11582709919844957,0.026570646506777894
38860,"Portland-South Portland, ME",4169,2575,1594,228,1412,1408,416,566,539,487,256,52,184,498,754,178,79.08196248196248,557.2063852813852,573.6337662337662,160.99805194805194,214.9726551226551,183.24805194805194,156.67997835497835,86.23654401154401,21.995238095238093,61.55678210678211,159.12305194805194,261.97146464646465,58.29606782106782,0.030711441740567953,0.2163908292354894,0.22277039465388979,0.06252351531963182,0.08348452626122528,0.07116429201866095,0.06084659353591392,0.033489920004483115,0.008541840036985668,0.02390554644923577,0.06179535997982599,0.10173649112484064,0.02263924963924964
38900,"Portland-Vancouver-Hillsboro, OR-WA",16329,10654,5675,808,5152,5269,1534,2008,1841,1488,1171,262,960,2167,2999,788,292.7337051837052,2102.4372766122765,2179.2420385170385,719.9586691086691,875.8134670884671,653.2964035964036,652.2955738705739,440.6714035964036,136.99640359640358,442.65195915195915,779.3479908979909,1089.2380702630703,289.3170385170385,0.027476413101530425,0.19733783335951532,0.20454684048404714,0.06757637217089066,0.08220513113276393,0.06131935457071555,0.06122541523095305,0.041362061535235924,0.012858682522658491,0.04154795937225071,0.07315074065120995,0.10223747609001972,0.027155719778208978
39150,"Prescott Valley-Prescott, AZ",649,462,187,34,233,190,139,56,128,99,28,2,25,91,131,25,9.494047619047619,90.16071428571428,67.95357142857142,76.92619047619047,25.025,50.720238095238095,36.11904761904762,8.217857142857143,1.1666666666666667,10.55,30.78690476190476,43.58690476190476,11.292857142857143,0.02054988662131519,0.19515306122448978,0.14708565244279528,0.16650690579262006,0.05416666666666666,0.109784065141208,0.07817975675118533,0.01778756957328386,0.0025252525252525255,0.022835497835497837,0.06663832199546485,0.09434394970109256,0.024443413729128016
39300,"Providence-Warwick, RI-MA",10645,5351,5294,505,2759,2425,903,1041,1401,1052,775,141,259,1655,1745,347,142.85126262626264,1095.615945165945,933.2532467532468,314.9651515151515,361.3933261183261,441.05800865800865,336.1687229437229,326.1091991341991,53.575036075036074,103.36392496392496,543.0794372294372,577.5000721500721,122.06666666666666,0.02669618064404086,0.20474975615136332,0.17440725971841653,0.058860988883414594,0.06753753057714934,0.08242534267576315,0.06282353260020986,0.06094359916542686,0.010012154003931241,0.019316749199014195,0.10149120486440613,0.10792376605308768,0.02281193546377624
39340,"Provo-Orem-Lehi, UT",1830,984,846,111,468,549,206,145,235,231,96,40,143,229,252,73,32.8520202020202,178.3329725829726,214.95082972582972,73.19130591630592,45.316305916305915,79.67344877344877,74.97940115440116,35.21190476190476,13.002380952380951,56.08495670995671,77.50916305916306,76.43535353535353,26.45995670995671,0.03338619939229695,0.18123269571440304,0.21844596516852613,0.0743814084515304,0.046053156419010075,0.08096895200553737,0.07619857840894427,0.0357844560588463,0.01321380178087495,0.05699690722556576,0.078769474653621,0.07767820481235115,0.02689019990849259
39380,"Pueblo, CO",299,174,125,21,77,52,66,33,56,49,30,4,6,45,45,2,8.716666666666667,28.76904761904762,17.135714285714286,26.85238095238095,10.65952380952381,17.485714285714284,17.30952380952381,12.692857142857143,1.2333333333333334,4.166666666666666,15.652380952380952,12.492857142857142,0.8333333333333333,0.050095785440613036,0.1653393541324576,0.09848111658456488,0.15432402846195953,0.06126163108921731,0.10049261083743843,0.09948002189381502,0.07294745484400658,0.007088122605363986,0.023946360153256706,0.08995621237000548,0.07179802955665025,0.0047892720306513415
39460,"Punta Gorda, FL",414,278,136,24,122,118,55,29,96,58,31,1,10,61,110,16,6.804761904761905,44.75476190476191,44.93809523809524,26.919047619047618,12.066666666666666,38.2047619047619,22.428571428571427,10.402380952380952,0.3333333333333333,4.333333333333333,22.59285714285714,38.73809523809524,5.483333333333333,0.024477560808496054,0.1609883521754025,0.16164782459746485,0.09683110654333674,0.04340527577937649,0.1374272010962658,0.08067831449126411,0.03741863651935593,0.0011990407673860908,0.01558752997601918,0.08126927029804726,0.13934566632408357,0.019724220623501196
39540,"Racine-Mount Pleasant, WI",493,290,203,20,122,126,44,46,75,53,48,4,32,48,60,22,7.183333333333334,48.13333333333333,56.3,22.791666666666668,16.075,25.733333333333334,24.4,23.041666666666668,2.0,18.7,17.608333333333334,19.116666666666667,8.916666666666666,0.024770114942528735,0.16597701149425287,0.19413793103448274,0.0785919540229885,0.055431034482758615,0.08873563218390805,0.08413793103448275,0.07945402298850575,0.006896551724137931,0.06448275862068965,0.060718390804597705,0.06591954022988505,0.030747126436781607
39580,"Raleigh-Cary, NC",9243,5355,3888,316,2667,2662,854,1075,798,803,307,158,539,1168,1412,316,116.03654401154401,1098.829797979798,1152.0059884559885,371.3528138528138,459.15876623376624,283.4631313131313,361.3159090909091,104.31392496392496,86.10634920634921,269.279797979798,425.6238455988456,516.754797979798,110.75833333333333,0.02166882241111933,0.20519697441266072,0.2151271687126029,0.0693469306914685,0.08574393393721125,0.05293429156174254,0.06747262541380189,0.01947972454975256,0.016079617031997985,0.050285676560186364,0.07948157714264156,0.09649949542106405,0.02068316215375039
39660,"Rapid City, SD",608,435,173,36,263,217,124,89,129,110,55,1,10,171,147,28,7.601190476190476,100.32380952380952,69.10833333333333,43.982142857142854,24.97142857142857,35.082142857142856,34.24047619047619,17.554761904761904,0.3333333333333333,4.366666666666666,51.39285714285714,38.525,7.517857142857142,0.01747400109469075,0.23062944718117134,0.1588697318007663,0.10110837438423646,0.05740558292282431,0.08064860426929393,0.07871373836891078,0.04035577449370553,0.0007662835249042146,0.01003831417624521,0.11814449917898194,0.08856321839080461,0.0172824302134647
39740,"Reading, PA",948,628,320,65,319,305,120,116,206,168,71,13,24,136,190,54,19.3234126984127,116.25595238095238,120.02261904761905,54.7718253968254,42.14404761904762,64.25595238095238,57.054761904761904,23.64404761904762,4.983333333333333,8.627777777777778,41.371428571428574,56.70595238095238,18.83888888888889,0.030769765443332323,0.1851209432817713,0.19111882013952078,0.08721628247902134,0.06710835608128601,0.10231839551107066,0.09085153169548074,0.03764975735517137,0.007935244161358811,0.013738499646142958,0.06587807097361238,0.0902961025174401,0.029998230714791223
39820,"Redding, CA",485,345,140,28,154,122,76,103,63,58,25,2,7,100,89,23,12.242857142857142,57.263492063492066,43.013492063492066,43.95,55.846825396825395,22.244444444444444,27.81111111111111,8.703968253968254,0.5833333333333333,2.1833333333333336,37.31349206349206,27.046825396825398,6.796825396825397,0.03548654244306418,0.16598113641591902,0.12467678858983207,0.12739130434782608,0.1618748562226823,0.06447665056360709,0.08061191626409017,0.025228893489763055,0.0016908212560386472,0.006328502415458938,0.10815504945939729,0.07839659535311709,0.01970094317920405
39900,"Reno, NV",2531,1640,891,168,885,869,245,288,336,284,165,31,117,415,524,112,57.3476911976912,341.6167388167388,336.2548340548341,101.3722582972583,97.72388167388168,118.50483405483405,118.87582972582973,54.43733766233766,12.6504329004329,50.0508658008658,137.81792929292928,172.6119769119769,40.73538961038961,0.0349681043888361,0.20830288952240172,0.2050334353992891,0.06181235262027946,0.05958773272797664,0.07225904515538663,0.07248526202794497,0.033193498574596136,0.0077136785978249404,0.03051882061028403,0.08403532273959104,0.10525120543413227,0.024838652201457083
40060,"Richmond, VA",9555,5427,4128,397,2765,2850,957,830,772,806,373,103,373,1272,1298,365,144.13535353535354,1140.4778138528138,1314.81829004329,397.72146464646465,363.1262265512265,279.0254329004329,299.561544011544,130.71789321789322,52.88059163059163,159.2468253968254,505.5770202020202,492.0611471861472,147.65039682539683,0.026558937448931924,0.21014885090341143,0.24227350102142806,0.07328569460963048,0.06691104229799641,0.05141430493835138,0.05519836816133113,0.024086584340868477,0.009743982242600265,0.029343435672899463,0.09315957623033355,0.09066908921801127,0.02720663291420616
40140,"Riverside-San Bernardino-Ontario, CA",7878,5270,2608,473,2250,1848,1259,1293,951,1079,482,187,268,1229,1250,208,159.23852813852812,901.9913059163059,686.3794011544012,652.3754329004329,649.3012265512266,377.50003607503606,474.7893217893218,211.99209956709956,78.57781385281385,121.12103174603175,449.96233766233763,429.4817821067821,77.28968253968254,0.030216039494976872,0.17115584552491572,0.13024277061753342,0.12379040472493982,0.12320706386171283,0.07163188540323265,0.09009285043440642,0.04022620485144204,0.014910401110590863,0.022983117978374146,0.08538184775376426,0.08149559432766264,0.014665973916448301
40220,"Roanoke, VA",1611,1012,599,121,544,507,299,196,260,202,79,26,66,324,300,85,39.834920634920636,193.90436507936508,174.03650793650795,106.78412698412698,69.49246031746031,82.35873015873015,62.75039682539683,26.007142857142856,9.501190476190477,23.09722222222222,108.9281746031746,89.53531746031746,25.769444444444446,0.039362569797352406,0.1916051038333647,0.17197283392935567,0.10551791203965118,0.06866843904887383,0.08138214442562268,0.06200632097371228,0.025698757763975153,0.009388528138528139,0.022823342116820376,0.10763653616914486,0.08847363385406863,0.025463877909530086
40340,"Rochester, MN",652,400,252,37,185,183,100,79,131,115,56,12,27,94,125,13,11.78452380952381,61.11468253968254,61.76468253968254,40.42777777777778,28.317063492063493,35.87301587301587,46.163492063492065,20.806349206349207,4.983333333333333,17.767857142857142,31.159920634920635,34.64563492063492,5.191666666666666,0.029461309523809525,0.15278670634920635,0.15441170634920634,0.10106944444444445,0.07079265873015873,0.08968253968253968,0.11540873015873016,0.052015873015873015,0.012458333333333333,0.04441964285714286,0.07789980158730159,0.0866140873015873,0.012979166666666667
40380,"Rochester, NY",4828,2958,1870,284,1359,1383,494,513,683,532,325,53,193,543,1018,230,96.08015873015873,526.7440476190476,583.3285714285714,209.72261904761905,221.03968253968253,234.48174603174604,207.5234126984127,120.0202380952381,29.208333333333332,92.77301587301586,188.97103174603174,360.68571428571425,87.42142857142856,0.032481460016956974,0.17807439067581055,0.19720370906983484,0.07090014166586174,0.07472605900597787,0.0792703671506917,0.07015666419824634,0.04057479313564506,0.009874352039666441,0.03136342659669231,0.06388473013726563,0.12193567082005215,0.029554235487298366
40420,"Rockford, IL",1092,755,337,91,412,342,158,189,258,193,108,18,37,223,273,33,24.18015873015873,134.3920634920635,109.80515873015872,66.02301587301588,62.12301587301587,75.48373015873015,60.48253968253968,38.83690476190476,8.491666666666667,15.891666666666666,71.80753968253968,78.76587301587301,8.716666666666667,0.032026700304846,0.17800273310207085,0.14543729633133606,0.08744770314306739,0.0822821402291601,0.09997845054136444,0.08010932408283401,0.05143960895616525,0.011247240618101546,0.0210485651214128,0.09510932408283401,0.10432565962367286,0.011545253863134658
40580,"Rocky Mount, NC",268,157,111,29,84,59,60,29,48,43,16,2,3,52,59,11,9.633333333333333,25.80952380952381,18.18452380952381,23.101190476190474,8.383333333333333,13.592857142857143,14.15952380952381,4.35,0.6666666666666666,1.5,15.892857142857142,18.676190476190477,3.05,0.0613588110403397,0.16439187139824082,0.11582499241734912,0.1471413406126782,0.05339702760084925,0.08657870791628754,0.09018804974218987,0.02770700636942675,0.004246284501061571,0.009554140127388535,0.10122838944494995,0.11895662723688202,0.019426751592356687
40660,"Rome, GA",354,286,68,33,146,99,89,70,74,87,31,10,5,96,51,10,16.575,49.46190476190476,35.135714285714286,38.101190476190474,21.002380952380953,25.035714285714285,32.11190476190476,11.85952380952381,5.583333333333333,2.642857142857143,28.711904761904762,16.452380952380953,3.326190476190476,0.05795454545454545,0.17294372294372296,0.12285214785214785,0.13322094572094573,0.07343489843489844,0.08753746253746253,0.11227938727938727,0.04146686646686647,0.01952214452214452,0.00924075924075924,0.10039127539127539,0.05752580752580753,0.011630036630036629
40900,"Sacramento-Roseville-Folsom, CA",14890,10653,4237,530,5243,4525,1335,2959,1227,1055,891,218,539,1827,2401,748,188.77622655122656,2386.795670995671,2038.9540043290042,731.4345598845599,1594.2147186147185,513.2869408369409,513.4503968253969,395.72463924963927,106.19285714285714,203.85122655122655,692.9635281385281,893.7726551226551,393.58257575757574,0.017720475598538114,0.22404915713842774,0.19139716552417196,0.06865996056364966,0.14964936812303747,0.0481823843834545,0.04819772804143403,0.037146779240555636,0.009968352308538169,0.019135569938160756,0.06504867437703257,0.08389868160355346,0.03694570315944576
40980,"Saginaw, MI",531,449,82,40,221,176,122,116,167,120,85,4,14,139,146,26,11.25952380952381,69.72579365079365,53.442460317460316,50.132936507936506,42.151984126984125,52.79920634920635,44.30079365079365,27.621825396825397,1.1166666666666667,3.3472222222222223,44.37579365079365,41.70079365079365,7.025,0.02507689044437374,0.15529129989040902,0.11902552409233924,0.11165464701099445,0.09387969738749248,0.11759288719199633,0.09866546470109945,0.06151854208647082,0.0024870081662954715,0.007454837911408068,0.09883250256301482,0.09287481882136671,0.015645879732739423
41420,"Salem, OR",2114,1151,963,83,514,405,217,248,248,221,112,31,25,251,260,66,37.79126984126984,237.81071428571428,157.65357142857144,103.41904761904762,120.55952380952381,100.05357142857143,92.32460317460317,52.449603174603176,16.711111111111112,13.375,99.75952380952381,91.14126984126985,27.951190476190476,0.032833422972432524,0.20661226262877,0.1369709569318605,0.08985147490794754,0.10474328741053328,0.08692751644532705,0.08021251361824776,0.04556872560782205,0.014518775943623902,0.011620330147697654,0.08667204501261842,0.07918442210362281,0.024284266269496504
41500,"Salinas, CA",1424,972,452,45,424,387,168,245,199,150,87,13,78,176,275,53,17.356782106782106,172.07582972582972,150.53297258297258,98.99448051948052,123.08059163059163,83.59130591630591,69.09011544011544,34.9004329004329,5.474242424242424,38.80396825396825,65.25162337662337,94.74249639249639,18.10515873015873,0.017856771714796407,0.17703274663151208,0.15486931335696769,0.10184617337395116,0.12662612307674037,0.08599928592212544,0.07108036567913112,0.035905795165054426,0.0056319366504551695,0.03992177803906199,0.06713129977018865,0.0974717041075066,0.018626706512508986
41540,"Salisbury, MD",291,222,69,23,124,92,93,27,78,69,38,4,3,62,79,8,6.883333333333333,36.444047619047616,29.053571428571427,39.76904761904762,8.492857142857142,23.170238095238094,21.320238095238096,12.042857142857143,1.4166666666666665,0.7,18.03690476190476,22.086904761904762,2.5833333333333335,0.031006006006006007,0.16416237666237668,0.13087194337194338,0.17913985413985417,0.03825611325611326,0.10437044187044188,0.09603710853710855,0.05424710424710425,0.0063813813813813815,0.0031531531531531535,0.08124731874731876,0.099490561990562,0.011636636636636638
41620,"Salt Lake City-Murray, UT",8927,5678,3249,579,2855,3287,855,830,868,886,644,151,803,1088,1630,464,189.12103174603175,1078.567857142857,1354.2380952380952,385.76428571428573,279.2690476190476,273.3126984126984,333.7718253968254,229.5484126984127,63.05793650793651,372.87619047619046,398.8746031746032,549.0186507936507,170.5793650793651,0.033307684351185585,0.18995559301564935,0.23850618091547995,0.06794017008000805,0.049184404300642415,0.04813538189726989,0.058783343676792076,0.04042768804128438,0.011105659828801781,0.06567033999228433,0.07024913757918337,0.09669225973822662,0.03004215658319216
41660,"San Angelo, TX",272,210,62,21,80,94,91,18,94,79,20,3,3,46,73,16,4.845238095238095,26.714285714285715,32.47380952380952,41.253571428571426,4.734523809523809,26.057142857142857,23.83809523809524,5.385714285714285,0.9761904761904762,0.4666666666666667,17.045238095238094,20.973809523809525,5.235714285714286,0.023072562358276642,0.1272108843537415,0.15463718820861677,0.1964455782312925,0.0225453514739229,0.12408163265306123,0.11351473922902494,0.025646258503401357,0.0046485260770975055,0.0022222222222222222,0.08116780045351474,0.09987528344671202,0.024931972789115648
41700,"San Antonio-New Braunfels, TX",10287,8279,2008,739,4004,4142,2218,1274,2191,2049,714,544,451,2373,2490,529,192.59651182151183,1424.911988011988,1519.1917499167498,970.5842102342102,424.67742812742813,667.714368964369,677.2389721389721,226.80163447663446,225.96465756465756,163.40358252858252,810.3274642024642,795.6155594405594,179.97187257187258,0.023263257859827493,0.17211160623408478,0.18349942624915447,0.11723447399857594,0.05129573959746686,0.08065157252861083,0.08180202586531854,0.027394810300354445,0.027293713922533828,0.01973711589909198,0.09787745672212395,0.09610044201480365,0.021738358808053217
41740,"San Diego-Chula Vista-Carlsbad, CA",24063,16927,7136,992,7921,7963,2298,3221,2016,1885,1536,607,2352,3144,4132,993,339.4136113886114,3346.1901986901985,3467.7259129759127,1178.9262737262736,1465.9223415473416,869.1564685314685,914.6476662226662,659.523026973027,314.13807026307023,1207.3155955155955,1151.309643134643,1577.3886113886115,435.34257964257966,0.020051610526886712,0.1976835941803154,0.20486358557192136,0.06964767966717514,0.08660260775963499,0.05134734262016119,0.05403483583757702,0.038962782948722574,0.01855840197690496,0.07132484170352664,0.06801616607400265,0.09318772442775515,0.02571882670541618
41860,"San Francisco-Oakland-Fremont, CA",55138,38109,17029,1305,17715,19433,3417,7713,3581,2795,2945,1246,6489,5263,7922,2496,466.31280663780666,7894.674314574315,9503.701695526695,1813.493759018759,3931.323448773449,1578.027489177489,1397.2973304473305,1325.0977272727273,721.722619047619,3212.3334415584413,1876.043759018759,3143.982647907648,1244.988961038961,0.0122362908141858,0.2071603640760533,0.24938208023109226,0.04758702036313624,0.10315997398969926,0.04140826285595237,0.03666580940059646,0.034771254225320194,0.018938377261214386,0.08429330188560291,0.049228364927412394,0.08249974147596756,0.03266915849376685
41940,"San Jose-Sunnyvale-Santa Clara, CA",15795,11073,4722,356,3914,5866,876,1675,949,963,732,395,3703,843,1531,872,130.59358974358975,1684.7051337551338,3078.980133755134,441.0777528027528,799.2809274059274,425.23608613608616,509.6245781995782,314.87060994560994,230.2777528027528,2125.3368797868798,291.9888639138639,586.390848040848,454.6368437118437,0.011793876071849521,0.15214532048723325,0.2780619645764593,0.03983362709317735,0.07218287071307933,0.038402969939139,0.046024074613887675,0.02843588999779734,0.02079632916127091,0.19193866881485414,0.026369444948420834,0.05295681821013709,0.041058145372694275
42020,"San Luis Obispo-Paso Robles, CA",1219,840,379,47,370,369,143,167,175,127,92,12,58,179,281,48,14.738131313131314,144.9178932178932,144.53455988455988,78.41313131313132,73.33892496392497,68.68455988455989,61.647655122655124,38.223015873015875,6.166666666666666,24.383766233766234,72.87503607503608,93.92622655122655,18.1504329004329,0.017545394420394423,0.17252130144987288,0.1720649522435237,0.09334896584896586,0.08730824400467259,0.08176733319590464,0.0733900656222085,0.045503590325018904,0.007341269841269841,0.029028293135435996,0.08675599532742391,0.11181693637050781,0.021607658214801075
41780,"Sandusky, OH",508,382,126,47,193,193,170,73,182,164,83,4,3,133,131,44,12.067460317460318,52.93888888888889,54.48690476190476,48.86666666666667,19.682936507936507,46.00238095238095,43.20952380952381,24.26468253968254,1.0277777777777777,1.75,34.78928571428571,31.222619047619048,11.690873015873017,0.03159021025513172,0.13858347876672483,0.14263587634006483,0.12792321116928446,0.05152601180088091,0.12042508102717527,0.1131139366741461,0.0635201113604255,0.0026905177428737637,0.004581151832460733,0.09107142857142857,0.08173460483669907,0.030604379622704233
42100,"Santa Cruz-Watsonville, CA",1182,814,368,32,363,335,129,149,134,113,83,27,89,130,221,42,12.95,150.7095238095238,136.41666666666666,76.6595238095238,68.87619047619047,61.27619047619048,56.99285714285714,39.60952380952381,18.9,47.233333333333334,45.35952380952381,81.9,17.116666666666667,0.01590909090909091,0.18514683514683516,0.1675880425880426,0.09417631917631919,0.08461448461448462,0.07527787527787529,0.07001579501579502,0.048660348660348664,0.02321867321867322,0.05802620802620804,0.05572423072423073,0.10061425061425064,0.02102784602784603
42140,"Santa Fe, NM",2109,1507,602,78,1012,759,338,300,299,259,284,40,77,328,515,192,19.042460317460318,403.5619769119769,290.3726911976912,142.8135642135642,83.34967532467532,81.01594516594517,84.39689754689755,77.34451659451659,13.596500721500721,23.465476190476192,91.15681818181818,145.6520562770563,51.23142135642136,0.012636005519217198,0.26779162369739673,0.19268260862487804,0.09476679775286277,0.05530834460827825,0.053759751271363745,0.056003249865227304,0.05132350138985839,0.009022230073988535,0.01557098619142415,0.060488930445798395,0.0966503359502696,0.033995634609436866
42200,"Santa Maria-Santa Barbara, CA",2227,1521,706,75,687,726,214,293,292,213,141,27,111,277,450,96,27.534523809523808,285.2563492063492,309.92301587301586,117.90833333333333,138.1611111111111,127.4968253968254,100.12896825396825,59.62063492063492,12.844444444444445,47.253571428571426,95.60119047619048,162.0563492063492,37.21468253968254,0.018102908487523873,0.18754526575039396,0.2037626665831794,0.07752027175104098,0.09083570750237416,0.08382434279870178,0.06583101134383186,0.039198313557287916,0.008444736649864856,0.031067436836667604,0.06285416862339939,0.10654592321258988,0.024467246903144342
42220,"Santa Rosa-Petaluma, CA",2398,1627,771,99,770,699,242,327,326,274,137,32,130,306,501,88,36.44484126984127,321.3952380952381,271.0285714285714,133.5638888888889,154.18174603174603,137.21031746031747,131.85198412698412,63.88174603174603,14.297222222222222,54.49563492063492,101.45357142857142,173.62857142857143,33.56666666666666,0.022400025365606188,0.19753856059940877,0.1665817894459566,0.08209212593047874,0.09476444132252368,0.08433332357733096,0.08103994107374562,0.03926351938029873,0.00878747524414396,0.03349455127267051,0.0623562209149179,0.10671700763894987,0.020631018233968446
42340,"Savannah, GA",1870,1421,449,159,774,538,318,292,264,289,148,35,49,525,404,89,57.52619047619048,297.26666666666665,188.7392857142857,128.66309523809522,106.56547619047619,82.43333333333334,112.27380952380952,53.30357142857143,12.178571428571429,16.241666666666667,194.9297619047619,143.35,27.52857142857143,0.04048289266445496,0.20919540229885064,0.1328214537046346,0.09054405013236824,0.07499329781173555,0.058010790523105815,0.07901042190275127,0.0375113099426963,0.008570423243188904,0.011429744311517715,0.13717787607653903,0.1008796622097115,0.019372675178445768
42540,"Scranton--Wilkes-Barre, PA",2143,1463,680,136,811,603,310,460,416,290,135,17,33,695,501,74,38.16865079365079,274.2206349206349,205.62420634920633,109.88928571428572,148.97460317460317,117.89126984126985,86.40119047619048,49.79920634920635,4.5285714285714285,9.363492063492064,263.89444444444445,136.4206349206349,17.823809523809523,0.02608930334494244,0.1874372077379596,0.14054969675270426,0.07511229372131628,0.10182816348229883,0.08058186592021178,0.059057546463561504,0.034039102084214866,0.003095400839761742,0.00640019963328234,0.1803789777473988,0.09324718723214963,0.012183055040197897
42660,"Seattle-Tacoma-Bellevue, WA",29349,23079,6270,1628,11889,11737,3675,4140,3557,2942,4552,1043,3211,4472,6260,1740,476.16169941169943,4475.145465645465,4602.85498945499,1693.982695082695,1472.373568098568,1140.6291597291597,1159.139801864802,1717.2252275502276,488.0096792096792,1429.1005883005882,1479.2164973914973,2282.869239094239,662.2913891663892,0.020631816777663656,0.19390551868128889,0.1994391000240474,0.07339931084894039,0.06379711287744566,0.04942281553486546,0.05022487117573561,0.07440639661814757,0.021145183032613167,0.06192211916896696,0.06409361312845,0.09891543130526624,0.028696710826569147
42680,"Sebastian-Vero Beach-West Vero Corridor, FL",688,461,227,40,236,203,69,59,188,89,69,12,8,92,202,59,8.679761904761905,86.0015873015873,69.31111111111112,27.82857142857143,22.719444444444445,68.1920634920635,29.252777777777776,18.312301587301587,6.15,4.366666666666666,34.078968253968256,67.0111111111111,19.09563492063492,0.018828116930069208,0.1865544193093,0.15034948180284408,0.0603656647040595,0.04928295974933719,0.14792204662052819,0.06345504940949626,0.03972299693557828,0.01334056399132321,0.009472161966738972,0.07392400922769687,0.14536032778982885,0.041422201563199396
42700,"Sebring, FL",178,122,56,17,64,52,32,7,62,33,30,4,2,25,61,4,3.583333333333333,19.008333333333333,14.241666666666667,14.341666666666667,1.5333333333333332,19.225,11.533333333333333,9.525,1.1583333333333332,1.2,8.625,17.241666666666667,0.7833333333333333,0.02937158469945355,0.15580601092896174,0.11673497267759564,0.11755464480874317,0.01256830601092896,0.15758196721311477,0.09453551912568306,0.07807377049180328,0.009494535519125682,0.009836065573770491,0.0706967213114754,0.14132513661202187,0.006420765027322404
43100,"Sheboygan, WI",253,145,108,20,61,70,24,20,41,41,23,5,11,25,32,11,6.65952380952381,22.70952380952381,26.3,14.101190476190476,8.725,12.892857142857142,17.616666666666667,9.801190476190476,1.5,5.65,7.501190476190477,8.401190476190475,3.1416666666666666,0.045927750410509026,0.15661740558292278,0.18137931034482754,0.09724958949096878,0.06017241379310343,0.08891625615763545,0.12149425287356319,0.06759441707717569,0.010344827586206895,0.038965517241379304,0.05173234811165845,0.05793924466338258,0.02166666666666666
43300,"Sherman-Denison, TX",348,284,64,45,160,145,125,45,126,115,31,10,30,114,95,32,9.217460317460317,46.47936507936508,35.76984126984127,45.43492063492064,9.394444444444444,31.85079365079365,28.559126984126983,8.10515873015873,2.5146825396825396,7.973809523809524,29.802777777777777,19.911507936507935,8.98611111111111,0.03245584618824055,0.16365973619494747,0.12595014531634252,0.1599821149116924,0.03307902973395931,0.11215068186899173,0.10056030628213726,0.02853929130337581,0.008854515984797674,0.028076794097920858,0.10493935837245696,0.07011094343840822,0.03164123630672926
43340,"Shreveport-Bossier City, LA",1683,1049,634,126,566,481,246,219,289,207,98,14,25,502,265,47,55.9738455988456,202.27709235209235,168.93661616161617,85.29375901875902,68.17590187590187,84.56756854256854,64.30209235209234,36.67705627705627,3.7857864357864357,8.932251082251081,175.46554834054834,81.8747113997114,12.737770562770562,0.053359242706239846,0.1928284960458459,0.16104539195578282,0.08130958915038991,0.06499132685977299,0.08061731986898812,0.0612984674471805,0.034963828672122284,0.00360894798454379,0.008515015331030582,0.1672693501816476,0.07805024918942936,0.012142774607026275
43420,"Sierra Vista-Douglas, AZ",213,133,80,8,64,47,69,9,27,35,19,3,7,29,35,2,3.276190476190476,24.909523809523808,15.742857142857142,35.976190476190474,2.1666666666666665,7.716666666666667,12.392857142857142,6.966666666666667,1.45,3.15,9.642857142857142,9.026190476190475,0.5833333333333333,0.02463301109917651,0.18728965270318654,0.1183673469387755,0.2704976727533118,0.016290726817042606,0.058020050125313284,0.09317937701396348,0.05238095238095238,0.010902255639097745,0.02368421052631579,0.07250268528464017,0.06786609380594343,0.0043859649122807015
43580,"Sioux City, IA-NE-SD",554,369,185,43,199,160,110,115,124,119,53,6,9,117,145,39,11.72936507936508,63.33452380952381,49.824999999999996,40.99920634920635,38.50238095238095,31.127380952380953,36.1,17.887698412698413,3.1111111111111107,1.5011904761904762,29.867460317460317,37.22261904761905,7.792063492063492,0.03178689723405171,0.1716382759065686,0.13502710027100273,0.11110896029595217,0.10434249580591046,0.08435604594141181,0.09783197831978321,0.048476147459887306,0.008431195423065342,0.004068266873144923,0.08094162687658624,0.10087430636211125,0.02111670323052437
43620,"Sioux Falls, SD-MN",1038,756,282,60,403,396,154,169,246,162,77,8,35,224,214,82,18.51904761904762,150.2952380952381,145.05238095238096,55.01190476190476,58.76190476190476,80.63571428571429,54.083333333333336,26.25,4.233333333333333,15.917857142857143,63.70952380952381,58.39404761904762,25.135714285714286,0.024496094734189976,0.1988032249937012,0.1918682287729907,0.07276706979087932,0.07772738725119678,0.10666099773242632,0.07153880070546739,0.03472222222222223,0.005599647266313934,0.02105536659108088,0.08427185689090452,0.07724080372889898,0.0332482993197279
43640,"Slidell-Mandeville-Covington, LA",1876,1120,756,65,690,555,181,197,246,230,147,12,27,581,298,39,22.19047619047619,255.55119047619047,192.69166666666666,65.81071428571428,65.4452380952381,71.52619047619048,74.80357142857143,56.653571428571425,5.491666666666666,10.16904761904762,196.97261904761905,87.89880952380952,14.795238095238094,0.019812925170068024,0.22817070578231288,0.17204613095238092,0.0587595663265306,0.058433248299319715,0.0638626700680272,0.06678890306122448,0.050583545918367334,0.004903273809523808,0.009079506802721087,0.17586840986394553,0.07848107993197277,0.013210034013605439
43780,"South Bend-Mishawaka, IN-MI",1279,867,412,100,460,417,176,157,269,228,136,21,52,226,272,53,30.634126984126983,172.86984126984126,154.2281746031746,66.4281746031746,51.867063492063494,83.61746031746031,69.61746031746031,43.94007936507936,10.842857142857143,20.126190476190477,72.06468253968254,76.03650793650793,14.727380952380951,0.03533347979714761,0.19938851357536477,0.17788716793907106,0.0766184251478369,0.05982360264367185,0.09644459090825873,0.08029695538346057,0.050680599037000416,0.012506178942165103,0.023213599165156258,0.08311958770436279,0.08770070119551088,0.016986598560993025
43900,"Spartanburg, SC",814,511,303,35,270,224,97,146,97,126,43,6,18,192,152,11,15.516666666666666,102.32976190476191,83.69642857142857,38.26190476190476,45.35357142857143,36.21071428571428,46.48690476190476,14.092857142857143,1.8666666666666665,10.291666666666666,61.2297619047619,51.246428571428574,4.416666666666666,0.030365296803652964,0.20025393719131487,0.16378948839809895,0.07487652595284688,0.08875454291305562,0.07086245457086943,0.09097241636380578,0.02757897679619793,0.0036529680365296794,0.020140247879973903,0.11982340881558101,0.10028655297735532,0.008643183300717545
44060,"Spokane-Spokane Valley, WA",2748,2206,542,227,1189,969,608,491,521,413,568,50,166,555,680,193,64.14563492063492,402.6333694083694,295.07027417027416,272.99963924963924,147.34051226551227,151.35241702741703,143.28138528138527,197.75955988455988,20.434956709956708,76.57063492063492,159.44209956709958,218.7877344877345,56.18178210678211,0.029077803681158167,0.18251739320415658,0.1337580571941406,0.12375323628723447,0.06679080338418507,0.06860943654914643,0.0649507639534838,0.08964621934930185,0.009263352996353903,0.0347101699549569,0.07227656372035339,0.09917848344865571,0.025467716276873123
44100,"Springfield, IL",1548,899,649,98,541,410,164,239,224,199,99,18,20,257,243,70,25.618650793650794,209.31984126984128,152.6531746031746,70.21666666666667,93.71269841269842,60.08769841269841,63.074603174603176,39.27023809523809,4.760714285714286,5.317857142857143,79.60912698412699,72.21507936507936,23.143650793650792,0.028496830693716124,0.23283630842029063,0.16980330879107297,0.07810530218761587,0.1042410438405989,0.06683837420767343,0.07016084891502022,0.043682133587584084,0.0052955665024630545,0.005915302717304942,0.08855297773540266,0.08032823066193477,0.02574377173932235
44140,"Springfield, MA",2455,1369,1086,105,638,510,286,267,354,261,219,29,46,367,459,92,33.62896825396825,253.115873015873,203.5952380952381,120.86468253968253,103.54563492063492,118.91587301587302,90.31468253968254,102.19444444444444,11.383333333333333,19.816666666666666,121.54920634920634,156.06587301587302,34.009523809523806,0.02456462253759551,0.18489106867485244,0.14871821628578386,0.08828683896251463,0.07563596414947767,0.08686331118763552,0.06597128016046935,0.07464897329762195,0.008315071828585341,0.014475286096907718,0.08878685635442392,0.1139999072431505,0.024842603220981595
44180,"Springfield, MO",1558,1184,374,110,632,487,291,287,355,342,104,9,25,443,369,70,39.458333333333336,230.64523809523808,152.93571428571428,114.53571428571428,101.02460317460317,111.1952380952381,112.075,36.18769841269841,2.426190476190476,9.017857142857142,152.96190476190475,100.41190476190476,21.124603174603173,0.03332629504504506,0.1948017213642214,0.12916867760617762,0.09673624517374518,0.08532483376233378,0.09391489703989706,0.09465793918918922,0.030563934470184472,0.002049147361647362,0.007616433397683399,0.12919079794079796,0.08480735199485201,0.017841725654225656
44220,"Springfield, OH",295,224,71,38,111,101,100,46,102,93,47,3,7,70,85,25,7.561904761904762,31.56825396825397,30.450396825396826,28.608333333333334,13.632936507936508,24.939285714285713,25.000396825396827,14.701984126984128,0.6000000000000001,3.011111111111111,16.076587301587303,20.859920634920634,6.988888888888889,0.033758503401360544,0.1409297052154195,0.13593927154195012,0.1277157738095238,0.06086132369614512,0.11133609693877551,0.11160891439909297,0.06563385770975057,0.002678571428571429,0.013442460317460317,0.07177047902494331,0.09312464569160997,0.031200396825396826
41060,"St. Cloud, MN",562,370,192,37,206,177,81,74,97,90,21,4,7,111,143,25,11.19920634920635,73.74444444444444,66.3015873015873,32.87301587301587,22.675396825396824,26.184920634920633,31.71825396825397,8.459523809523809,1.0833333333333333,1.5095238095238095,42.08968253968254,43.46111111111111,8.7,0.030268125268125272,0.19930930930930932,0.17919347919347922,0.08884598884598886,0.06128485628485629,0.07077005577005578,0.08572501072501074,0.022863577863577865,0.0029279279279279284,0.0040797940797940805,0.11375589875589878,0.11746246246246247,0.023513513513513516
41100,"St. George, UT",526,370,156,46,197,219,73,54,135,122,38,5,14,110,146,35,11.114285714285714,64.21150793650794,66.97817460317461,27.087698412698412,16.363888888888887,38.25198412698413,33.7734126984127,14.344047619047618,1.8666666666666667,7.066666666666666,38.60198412698413,38.80079365079365,11.538888888888888,0.03003861003861004,0.17354461604461607,0.18102209352209353,0.0732099957099957,0.04422672672672672,0.10338374088374089,0.09127949377949378,0.038767696267696265,0.0050450450450450456,0.0190990990990991,0.10432968682968684,0.10486700986700986,0.031186186186186182
41140,"St. Joseph, MO-KS",211,146,65,19,74,66,45,37,57,58,13,1,1,63,49,9,4.540873015873016,23.59325396825397,19.91706349206349,14.175396825396826,10.049206349206349,15.134920634920634,20.79563492063492,3.0273809523809523,0.125,0.5,18.798015873015874,12.518253968253967,2.825,0.031101869971732993,0.16159762991954776,0.1364182430963253,0.09709175907806047,0.06883018047401611,0.10366383996520985,0.14243585562078714,0.020735485975212006,0.000856164383561644,0.003424657534246576,0.12875353337682108,0.08574146553598609,0.019349315068493154
41180,"St. Louis, MO-IL",16085,11804,4281,909,6062,5842,2071,3006,2322,1975,927,190,824,4006,2749,976,281.8972693972694,2312.500840825841,2376.7853646353647,727.1809995559995,1156.7425074925075,730.584570984571,701.5044122544123,329.95311355311355,75.7289072039072,389.0679043179043,1530.7250471750472,858.3258408258408,333.00322177822176,0.02388150367648843,0.1959082379554254,0.2013542328562661,0.06160462551304639,0.09799580714101216,0.06189296602715783,0.059429380909387694,0.02795265279169041,0.006415529244654965,0.03296068318518336,0.12967850281049198,0.07271482894153176,0.02821104894766366
44300,"State College, PA",459,257,202,27,136,101,67,50,86,75,31,11,15,52,93,15,8.361904761904762,46.8297619047619,33.25595238095238,29.077380952380953,18.617857142857144,23.614285714285714,25.810714285714287,11.253571428571428,3.333333333333333,5.741666666666666,15.797619047619047,28.922619047619047,6.383333333333333,0.03253659440429869,0.18221697239206966,0.12940059292199368,0.11314156012599592,0.07244302390216788,0.09188438021122845,0.10043079488604781,0.043788215675375206,0.012970168612191958,0.022341115434500645,0.061469334815638314,0.11253937372614416,0.0248378728923476
44420,"Staunton-Stuarts Draft, VA",232,120,112,12,74,58,44,16,46,48,15,1,3,35,42,3,3.6159090909090907,21.65400432900433,16.93733766233766,15.887337662337663,4.858766233766234,13.562337662337661,14.211147186147185,6.95952380952381,0.5,0.5909090909090909,9.69448051948052,11.037337662337663,0.49090909090909096,0.030132575757575757,0.1804500360750361,0.1411444805194805,0.13239448051948052,0.04048971861471862,0.1130194805194805,0.11842622655122655,0.05799603174603175,0.004166666666666667,0.004924242424242425,0.08078733766233766,0.09197781385281385,0.004090909090909091
44700,"Stockton-Lodi, CA",1088,730,358,55,322,289,144,153,146,124,75,19,17,193,218,34,16.766666666666666,126.1595238095238,104.60952380952381,83.85952380952381,78.14285714285714,55.65,56.759523809523806,38.28333333333333,6.083333333333333,7.266666666666667,65.82619047619048,75.24285714285715,15.35,0.02296803652968036,0.17282126549249832,0.14330071754729287,0.11487606001304629,0.10704500978473579,0.07623287671232876,0.07775277234181342,0.05244292237442921,0.008333333333333331,0.009954337899543378,0.09017286366601433,0.10307240704500978,0.02102739726027397
44940,"Sumter, SC",229,132,97,15,57,34,44,30,40,37,16,0,0,70,41,5,4.35,19.235714285714284,10.251190476190477,15.342857142857143,9.434523809523808,13.252380952380951,12.91904761904762,6.926190476190476,0.0,0.0,25.119047619047617,12.385714285714286,2.783333333333333,0.03295454545454545,0.1457251082251082,0.07766053391053392,0.11623376623376624,0.07147366522366522,0.10039682539682539,0.09787157287157287,0.05247113997113997,0.0,0.0,0.19029581529581527,0.09383116883116883,0.021085858585858586
45060,"Syracuse, NY",3385,2208,1177,179,1167,930,401,484,448,404,260,47,128,610,820,187,57.59484126984127,450.6031746031746,351.3198412698413,156.4468253968254,188.01468253968252,144.52579365079364,154.26230158730158,89.87420634920635,16.10952380952381,49.728968253968254,221.59960317460317,270.3019841269841,57.61825396825397,0.026084620140326663,0.20407752472969864,0.15911224695192086,0.07085454048769266,0.08515157723717506,0.06545552248677249,0.06986517282033586,0.04070389780308258,0.007295979986197378,0.02252217765125374,0.1003621391189326,0.12241937686910512,0.026095223717506326
45220,"Tallahassee, FL",4563,3166,1397,177,2385,1543,504,536,466,324,366,36,86,509,936,179,51.563131313131315,1121.4008297258297,581.8853535353535,239.8504329004329,206.13055555555556,140.07106782106783,113.88178210678211,127.13376623376624,15.363492063492064,21.395670995670997,182.06273448773447,305.9567821067821,59.304401154401155,0.016286522840534213,0.3542011464705716,0.1837919625822342,0.0757581910614128,0.06510756650522917,0.04424228295043204,0.03597024071597666,0.0401559590125604,0.004852650683351884,0.006757950409245419,0.05750560154382011,0.09663827609184526,0.018731649132786216
45300,"Tampa-St. Petersburg-Clearwater, FL",17952,13376,4576,1533,7981,5987,2545,2097,3255,2115,1501,355,624,4300,4558,826,417.5464285714286,3113.824206349206,2127.421825396825,1044.534126984127,769.6821428571428,997.0910173160173,729.57886002886,457.52142857142854,136.87842712842712,227.2125901875902,1625.3984126984126,1453.7630952380953,275.54743867243866,0.03121609065276829,0.23279188145553278,0.15904768431495406,0.07809017097668414,0.057542026230348604,0.07454328777781231,0.05454387410502842,0.0342046522556391,0.010233135999433847,0.01698658718507702,0.12151602965747703,0.10868444192868537,0.020600137460559113
45460,"Terre Haute, IN",342,219,123,27,117,79,42,35,89,74,49,1,3,96,60,11,6.265873015873016,43.73253968253968,22.656349206349205,14.239682539682539,10.05,26.932539682539684,24.937301587301587,19.56111111111111,0.16666666666666666,1.8333333333333333,30.715873015873015,15.33015873015873,2.5785714285714283,0.02861129230992245,0.19969196202072917,0.10345364934406032,0.06502138145973763,0.045890410958904115,0.12297963325360588,0.11386895701964196,0.08932014205986809,0.0007610350076103501,0.008371385083713852,0.14025512792636083,0.07000072479524536,0.01177429876060013
45500,"Texarkana, TX-AR",456,318,138,47,212,177,104,71,125,110,42,6,46,174,91,25,14.19411976911977,60.26435786435786,43.378643578643576,33.548881673881674,14.945310245310246,27.34292929292929,25.330627705627705,12.752813852813853,0.8488455988455988,10.826623376623376,47.50559163059163,21.07943722943723,5.9818181818181815,0.04463559675823826,0.18951055932188005,0.13641082886365902,0.10549962790528826,0.046997830960095105,0.08598405438028077,0.0796560619673827,0.04010318821639576,0.002669325782533329,0.03404598546107979,0.14938865292638875,0.06628753845734976,0.01881074899942824
45780,"Toledo, OH",2929,2188,741,254,1221,1169,581,521,720,484,385,40,115,665,778,272,63.41904761904762,404.8940476190476,376.3452380952381,184.68690476190477,181.51111111111112,199.62539682539682,133.13095238095238,120.16230158730158,11.45515873015873,53.15952380952381,188.68373015873016,200.76825396825396,70.15833333333333,0.028984939496822494,0.18505212414033256,0.1720042221641856,0.08440900583268042,0.08295754621165956,0.09123647021270422,0.060845956298424306,0.054918785003337106,0.00523544731725719,0.024295943240184557,0.08623570848205217,0.09175879980267548,0.03206505179768434
45820,"Topeka, KS",1931,1008,923,118,609,433,231,254,242,251,132,16,22,203,253,93,36.46505439005439,250.64600677100677,149.36148296148295,105.57814962814963,81.31068931068931,69.57576867576867,97.95553058053058,44.33724053724054,6.135689310689311,7.317832167832168,61.46938339438339,70.20672105672105,27.640451215451215,0.036175649196482536,0.2486567527490147,0.14817607436655056,0.10474022780570401,0.0806653663796521,0.0690235800354848,0.09717810573465337,0.04398535767583387,0.006086993363779079,0.007259754134754135,0.060981531145221625,0.06964952485785819,0.02742108255501113
45900,"Traverse City, MI",878,725,153,79,406,424,198,124,301,239,122,23,60,166,325,57,16.849603174603175,121.36230158730159,135.2484126984127,59.992063492063494,37.89722222222222,78.10992063492063,62.144444444444446,35.425396825396824,4.961904761904762,18.361507936507937,44.53174603174603,96.26269841269841,13.852777777777778,0.023240831964969896,0.16739627805145046,0.1865495347564313,0.08274767378215654,0.05227203065134099,0.10773782156540776,0.08571647509578544,0.04886261631089217,0.006844006568144499,0.025326217843459224,0.061423097974822115,0.13277613574165298,0.01910727969348659
45940,"Trenton-Princeton, NJ",3782,2520,1262,167,1355,1356,265,500,311,269,218,38,286,511,695,107,56.39563492063492,580.9698412698413,626.3007936507936,104.17936507936508,207.68293650793652,111.57301587301588,110.99484126984127,71.80634920634921,16.32142857142857,146.0873015873016,184.36388888888888,262.2234126984127,41.101190476190474,0.022379220206601158,0.23054358780549256,0.24853206097253713,0.041341017888636936,0.0824138636936256,0.044275006298815825,0.0440455719324767,0.028494583018392545,0.006476757369614511,0.05797115142353238,0.0731602733686067,0.10405690980095741,0.016309996220710506
46060,"Tucson, AZ",4116,3124,992,220,1468,1185,993,428,526,482,187,150,179,714,701,152,84.81269841269841,607.8309523809523,477.43095238095236,560.0797619047619,170.56428571428572,207.12142857142857,194.91468253968253,70.35952380952381,78.19920634920635,79.16269841269842,284.0722222222222,250.95119047619048,58.50039682539683,0.027148751092413072,0.19456816657520887,0.15282680934089388,0.1792828943357113,0.05459804280226817,0.06630007316627037,0.06239266406519929,0.022522254740564605,0.025031756193728032,0.02534017234721461,0.09093220941812492,0.0803300865800866,0.018726119342316532
46140,"Tulsa, OK",5054,3887,1167,504,2324,2133,736,1209,1288,974,609,277,193,1250,1018,440,124.20318015318016,824.5330863580864,775.5945942945942,213.98427683427684,346.6684038184038,329.28586413586413,266.9370546120546,139.86522921522922,52.26530136530136,61.687559662559664,372.9730935730936,280.9608280608281,98.04152791652791,0.03195348087295605,0.21212582617908063,0.19953552721754417,0.05505126751589319,0.089186623055931,0.08471465503881248,0.06867431299512597,0.03598282202604302,0.013446179924183526,0.015870223736187204,0.09595397313431787,0.07228217855951327,0.025222929744411607
46220,"Tuscaloosa, AL",867,503,364,74,275,230,151,109,133,147,58,13,17,149,134,37,23.086904761904762,100.8813492063492,78.33015873015873,56.05119047619048,34.74563492063492,35.513492063492066,44.64801587301587,24.92738095238095,5.358333333333333,5.111111111111111,46.81349206349206,36.787301587301585,10.74563492063492,0.04589841900975102,0.20055934235854714,0.1557259616901764,0.11143377828268486,0.06907680898734578,0.0706033639433242,0.088763451039793,0.049557417400359745,0.010652750165672633,0.010161254694057875,0.0930685726908391,0.07313578844393955,0.02136309129350879
46300,"Twin Falls, ID",205,122,83,15,48,48,48,22,45,41,20,6,1,36,28,5,4.416666666666667,15.852380952380953,17.892857142857142,16.426190476190477,7.285714285714286,13.869047619047619,11.902380952380952,10.616666666666667,1.65,0.3333333333333333,11.869047619047619,8.352380952380953,1.5333333333333332,0.03620218579234973,0.12993754879000782,0.14666276346604215,0.1346409055425449,0.059718969555035126,0.11368071818891491,0.09756049960967993,0.08702185792349727,0.013524590163934426,0.00273224043715847,0.09728727556596409,0.06846213895394224,0.01256830601092896
46340,"Tyler, TX",945,790,155,94,420,412,230,137,265,216,68,28,76,290,225,46,24.028210678210677,135.68773448773447,132.23535353535354,95.15638528138528,36.243290043290045,75.70995670995671,69.136544011544,18.026587301587302,7.808333333333334,20.19170274170274,103.09249639249639,59.823448773448774,12.859956709956709,0.030415456554697063,0.17175662593384114,0.16738652346247285,0.12045112060934848,0.045877582333278544,0.09583538824045156,0.08751461267284052,0.022818464938718107,0.00988396624472574,0.025559117394560436,0.13049683087657774,0.0757258845233529,0.01627842621513508
,Unspecified,393275,225111,168164,28066,121530,113998,51791,47120,66994,59206,24760,8880,15563,70688,85727,19107,7447.469144744145,41445.62412309912,41463.413011988014,17270.55576090576,14008.235883560883,17844.081338106338,17923.45705960706,8680.083286158286,3227.1699744699745,5370.391222666222,20801.79280996781,24345.622066822067,5283.104317904318,0.03308354165164805,0.18411194532074895,0.1841909680645904,0.07672017698338046,0.062228126939869136,0.07926792266084881,0.07962052969249418,0.03855912543659921,0.014335905284370707,0.02385663616023305,0.09240682512168578,0.10814941103198894,0.023468885651542204
46520,"Urban Honolulu, HI",5738,3380,2358,267,1643,1778,390,582,541,366,328,138,180,683,1330,243,89.07864357864358,691.8409451659452,719.9849927849928,176.57705627705627,249.82070707070707,204.8540404040404,163.29054834054833,127.0040404040404,59.9258658008658,58.23611111111111,260.7107864357864,491.50674603174605,87.1695165945166,0.0263546282777052,0.2046866701674394,0.21301331147484992,0.05224173262634801,0.07391145179606719,0.06060770426155042,0.04831081311850542,0.03757515988285219,0.01772954609493071,0.017229618671926364,0.07713336876798414,0.14541619705081243,0.025789797809028576
46540,"Utica-Rome, NY",795,483,312,51,240,187,98,68,150,151,102,9,18,147,203,21,14.478174603174603,86.13412698412698,61.09126984126984,38.723015873015875,20.090873015873015,49.06507936507936,52.387301587301586,39.6702380952381,4.366666666666666,6.766666666666667,42.817460317460316,61.84126984126984,5.567857142857143,0.029975516776759015,0.1783315258470538,0.12648296033389203,0.08017187551349043,0.04159601038483026,0.10158401524861153,0.1084623221269184,0.08213299812678695,0.00904071773636991,0.014009661835748794,0.08864898616451412,0.12803575536494793,0.011527654540076902
46660,"Valdosta, GA",402,326,76,48,179,134,113,85,94,82,29,12,6,138,123,21,15.598809523809523,65.01785714285714,39.56428571428572,38.87261904761905,24.211507936507935,24.60674603174603,23.066666666666666,7.772619047619047,2.4563492063492065,1.6111111111111112,41.073412698412696,35.59285714285714,6.55515873015873,0.04784910896874086,0.19944127957931634,0.12136283961437334,0.1192411627227578,0.07426842925309181,0.07548081604830069,0.0707566462167689,0.02384238971662284,0.007534813516408607,0.0049420586230402175,0.12599206349206346,0.10918054338299735,0.020107848865517575
46700,"Vallejo, CA",819,484,335,22,209,146,124,85,94,99,66,13,18,90,100,34,6.610714285714286,89.82182539682539,60.46349206349206,73.46111111111111,42.02777777777778,36.13611111111111,45.760714285714286,33.61944444444445,4.244047619047619,8.202380952380953,31.302777777777777,39.55277777777778,12.796825396825398,0.013658500590318772,0.1855822838777384,0.12492457037911583,0.15177915518824608,0.08683425160697889,0.07466138659320477,0.09454693034238489,0.06946166207529844,0.008768693427784337,0.01694706808343172,0.06467516069788797,0.08172061524334251,0.02643972189426735
47020,"Victoria, TX",263,218,45,36,108,117,78,43,93,75,18,6,4,72,77,6,8.906349206349207,31.19484126984127,33.45436507936508,34.55912698412698,10.799603174603174,26.337698412698412,24.65753968253968,4.666269841269841,1.4095238095238094,1.375,19.968650793650795,19.337698412698412,1.3333333333333333,0.04085481287316149,0.14309560215523517,0.15346039027231687,0.15852810543177515,0.049539464103684275,0.12081513033347893,0.11310798019513614,0.021404907528760737,0.006465705548274354,0.006307339449541284,0.09159931556720546,0.08870503859035968,0.006116207951070336
47220,"Vineland, NJ",248,166,82,22,101,58,55,46,40,38,23,1,2,78,66,11,6.311111111111111,34.21111111111111,16.526190476190475,18.47063492063492,13.992857142857142,9.603968253968254,10.903968253968253,9.716666666666667,0.1111111111111111,0.3611111111111111,24.637301587301586,18.33730158730159,2.8166666666666664,0.03801874163319946,0.20609103078982596,0.09955536431440046,0.11126888506406579,0.08429432013769363,0.0578552304455919,0.0656865557467967,0.05853413654618474,0.0006693440428380187,0.002175368139223561,0.14841747944157582,0.11046567221266017,0.016967871485943774
47260,"Virginia Beach-Chesapeake-Norfolk, VA-NC",6982,4158,2824,482,2096,1863,1136,632,974,1110,424,93,153,1182,1262,234,152.71002886002887,786.5822510822511,683.1441558441559,444.2088023088023,207.92907647907649,312.4858225108225,393.27828282828284,150.60447330447332,38.9754329004329,57.921103896103894,438.2699494949495,414.4643939393939,77.42622655122655,0.03672679866763561,0.18917322055850194,0.16429633377685327,0.10683232378759075,0.050006992900210795,0.07515291546676828,0.09458352160372363,0.03622041205013788,0.009373600986155098,0.013930039417052403,0.10540402825756362,0.09967878642121066,0.018621026106596092
47300,"Visalia, CA",476,310,166,16,140,107,110,57,83,78,53,3,8,73,74,8,6.237301587301587,52.912301587301585,34.14563492063492,60.37896825396825,21.616666666666667,29.79563492063492,28.21230158730159,20.961111111111112,1.5333333333333332,4.583333333333333,24.74563492063492,22.852777777777778,2.025,0.020120327700972867,0.17068484383000515,0.11014720942140298,0.1947708653353815,0.06973118279569894,0.09611495135688686,0.09100742447516644,0.06761648745519715,0.004946236559139785,0.014784946236559142,0.07982462877624169,0.07371863799283156,0.00653225806451613
47380,"Waco, TX",964,753,211,85,393,353,258,134,237,214,68,21,68,257,216,51,22.503210678210678,128.32503607503608,108.94170274170274,106.91948051948052,36.752417027417025,65.24170274170274,72.37067099567099,18.323051948051948,7.131746031746031,26.241702741702742,86.69646464646465,56.69765512265512,16.85515873015873,0.029884741936534766,0.17041837460164155,0.1446768960713184,0.14199134199134197,0.04880799074026165,0.08664236751886153,0.0961097888388725,0.02433340232145013,0.009471110267923017,0.03484953883360258,0.11513474720646036,0.07529569073393774,0.0223840089377938
47460,"Walla Walla, WA",170,135,35,6,66,59,42,16,55,40,38,5,4,20,53,5,1.3777777777777778,22.984920634920634,18.26111111111111,16.357142857142858,4.446825396825397,14.184920634920635,11.56111111111111,13.342063492063492,2.75,1.0,6.775396825396825,20.03253968253968,1.926190476190476,0.010205761316872428,0.17025867136978248,0.13526748971193414,0.12116402116402117,0.03293944738389183,0.1050734861845973,0.08563786008230452,0.09883009994121104,0.020370370370370372,0.007407407407407408,0.050188124632569074,0.14838918283362726,0.014268077601410934
47580,"Warner Robins, GA",320,222,98,25,107,63,87,32,56,85,33,4,5,64,75,8,8.54404761904762,36.48253968253968,18.875396825396827,44.782539682539685,10.23015873015873,14.649206349206349,27.856349206349204,9.813095238095238,1.4444444444444444,1.342857142857143,18.81468253968254,27.148015873015872,2.0166666666666666,0.03848670098670098,0.16433576433576427,0.08502431002431,0.2017231517231517,0.046081796081796064,0.06598741598741596,0.12547905047905045,0.04420313170313169,0.006506506506506505,0.006048906048906048,0.08475082225082223,0.12228835978835975,0.009084084084084081
47900,"Washington-Arlington-Alexandria, DC-VA-MD-WV",127477,64048,63429,3022,33618,37820,7513,8176,5313,5536,5248,2423,9531,6853,9744,5065,1011.9249278499278,15745.759163059163,19714.565115440117,2964.350324675325,3546.811147186147,1883.4127344877345,2158.7531385281386,2083.1094516594517,1244.6049422799422,4959.458585858586,2454.7361471861473,3877.656782106782,2402.8575396825395,0.015799477389612914,0.24584310459435366,0.3078092230114932,0.046283261377019186,0.05537739113143497,0.02940626927441504,0.033705238860356895,0.03252419203815032,0.019432377939669343,0.07743346530506161,0.038326507419219134,0.060542979985429395,0.03751651167378434
47940,"Waterloo-Cedar Falls, IA",455,276,179,25,133,112,55,63,132,110,74,4,2,88,119,52,5.3468253968253965,38.05912698412698,31.74484126984127,18.682936507936507,19.618253968253967,33.757936507936506,29.86626984126984,27.866666666666667,1.5611111111111111,0.5333333333333333,26.090079365079365,30.499603174603173,12.373015873015873,0.019372555785599262,0.1378953876236485,0.11501754083275822,0.06769179894179894,0.07108063031976075,0.12231136415919024,0.10821112261329652,0.10096618357487923,0.005656199677938808,0.001932367149758454,0.09452927306188176,0.11050580860363468,0.04482976765585461
48060,"Watertown-Fort Drum, NY",221,116,105,14,61,45,30,14,33,36,23,0,1,19,63,4,4.760714285714286,20.284523809523808,15.851190476190476,11.945238095238095,4.8273809523809526,8.803571428571429,15.227380952380953,8.617857142857144,0.0,0.2,5.395238095238096,18.886904761904763,1.2,0.04104064039408867,0.1748665845648604,0.13664819376026272,0.10297619047619046,0.041615353037766825,0.07589285714285714,0.13127052545155993,0.07429187192118226,0.0,0.0017241379310344827,0.046510673234811166,0.16281814449917897,0.010344827586206895
48140,"Wausau, WI",566,353,213,20,187,163,55,77,92,72,52,1,14,91,96,30,6.059523809523809,79.79285714285714,62.60952380952381,24.333333333333332,27.04285714285714,29.983333333333334,22.166666666666668,21.866666666666667,0.2,6.95,34.94285714285714,28.609523809523807,8.442857142857143,0.017165789828679348,0.2260420882233914,0.1773640901119655,0.06893295561850804,0.07660866046135169,0.08493862134088764,0.06279508970727102,0.06194523135033051,0.00056657223796034,0.019688385269121818,0.09898826386078513,0.08104680965870768,0.023917442331040067
48260,"Weirton-Steubenville, WV-OH",297,219,78,31,138,102,75,44,89,79,43,1,4,123,79,14,7.390079365079365,39.53888888888889,29.486507936507937,19.63373015873016,11.61031746031746,21.131746031746033,18.474206349206348,13.331349206349206,0.25,1.003968253968254,35.23888888888889,18.72222222222222,3.188095238095238,0.033744654635065596,0.18054287163876206,0.1346415887511778,0.0896517358846126,0.053015148220627674,0.09649199101253897,0.08435710661738058,0.06087374066826121,0.001141552511415525,0.00458432992679568,0.160908168442415,0.08548959918822932,0.014557512502717982
48300,"Wenatchee-East Wenatchee, WA",434,363,71,37,219,170,115,83,118,98,96,30,16,108,160,42,7.5250111000111,66.86032856032855,43.807947607947604,42.90874125874126,24.012709512709513,25.349614274614275,25.576995226995226,30.169852369852368,9.871800421800422,4.63089133089133,22.093625818625817,51.80794760794761,8.38453490953491,0.020730058126752347,0.18418823294856357,0.12068305126156369,0.11820589878441122,0.06615071491104552,0.06983364813943328,0.07046004194764527,0.08311254096378065,0.027195042484298694,0.012757276393640033,0.060863982971421,0.14272161875467665,0.023097892312768355
48540,"Wheeling, WV-OH",640,415,225,48,258,229,86,107,139,79,53,1,9,181,141,43,10.64642857142857,87.0202380952381,74.22380952380952,25.86468253968254,33.36785714285714,35.90833333333333,19.541666666666668,17.410714285714285,0.5,2.6416666666666666,61.98452380952381,35.04047619047619,10.849603174603175,0.0256540447504303,0.20968732071141716,0.17885255306942058,0.06232453624019891,0.08040447504302928,0.0865261044176707,0.04708835341365463,0.04195352839931154,0.001204819277108434,0.00636546184738956,0.14936029833620199,0.08443488238668964,0.026143622107477536
48660,"Wichita Falls, TX",333,249,84,34,119,98,112,30,101,108,28,6,7,68,66,11,8.874206349206348,38.65436507936508,29.869444444444444,43.42936507936508,6.398809523809524,30.319444444444443,33.25555555555555,8.834523809523809,1.6388888888888888,1.8527777777777776,21.084920634920636,18.75436507936508,6.033333333333333,0.03563938292853955,0.15523841397335372,0.11995760821062024,0.17441512080066293,0.0256980302161025,0.12176483712628289,0.13355644801427932,0.0354800152992924,0.0065818830879071834,0.007440874609549307,0.08467839612417925,0.0753187352584943,0.024230254350736277
48620,"Wichita, KS",2243,1609,634,202,804,824,350,344,443,354,209,34,77,389,394,146,63.23850316350316,292.0527888777889,319.6258047508048,149.6233877233877,109.55080475080474,127.35437617937617,140.03175713175713,72.043228993229,12.923387723387723,28.78374125874126,131.65037185037184,110.80794760794761,51.31389998889999,0.039302985185520924,0.18151198811546856,0.19864872886936286,0.09299153991509493,0.06808626771336529,0.07915125927866762,0.08703030275435497,0.0447751578578179,0.008031937677680377,0.017889211472182264,0.08182123794305274,0.06886758707765546,0.03189179613977626
48680,"Wildwood-The Villages, FL",272,155,117,13,52,63,34,21,58,23,17,1,9,29,56,26,3.725,21.817857142857143,28.901190476190475,13.358333333333333,10.209523809523809,18.801190476190477,9.008333333333333,4.666666666666667,0.5,4.883333333333334,8.417857142857143,20.117857142857144,10.592857142857143,0.024032258064516126,0.14076036866359445,0.18645929339477724,0.08618279569892472,0.06586789554531489,0.12129800307219661,0.05811827956989246,0.030107526881720425,0.003225806451612903,0.03150537634408602,0.05430875576036865,0.1297926267281106,0.06834101382488478
48700,"Williamsport, PA",365,249,116,18,135,80,52,75,83,59,28,3,3,96,96,10,4.905555555555556,44.948412698412696,27.822222222222223,20.587301587301585,23.815079365079363,30.515079365079366,22.165079365079364,10.71111111111111,1.1666666666666665,1.1666666666666665,29.548412698412697,28.4484126984127,3.2,0.019701026327532355,0.1805157136482438,0.11173583221775994,0.08267992605342003,0.095642889016383,0.12255051953847136,0.08901638299228662,0.043016510486390006,0.004685408299866131,0.004685408299866131,0.11866832409001085,0.11425065340727993,0.012851405622489962
48900,"Wilmington, NC",1717,1079,638,91,514,459,283,212,239,205,98,20,46,315,392,71,33.49170274170274,189.42622655122656,165.4190836940837,118.0786075036075,79.52622655122654,79.95003607503607,87.07979797979797,31.039285714285715,8.983333333333334,18.21948051948052,103.4333694083694,140.43575036075035,23.917099567099566,0.031039576220299115,0.17555720718371326,0.15330776987403497,0.10943337118035915,0.07370363906508486,0.07409641897593705,0.08070416865597589,0.02876671521249835,0.008325610132839051,0.01688552411443978,0.09586039796883172,0.13015361479216903,0.022165986623817954
49020,"Winchester, VA-WV",389,214,175,27,113,92,56,40,69,66,25,4,7,71,95,20,6.9523809523809526,36.98095238095238,29.678571428571427,20.735714285714284,10.92142857142857,19.88095238095238,19.354761904761904,9.966666666666667,1.35,3.4333333333333336,21.60238095238095,27.847619047619048,5.295238095238095,0.03248776145972408,0.1728081886960392,0.1386849132176235,0.0968958611481976,0.0510347129506008,0.0929016466399644,0.09044281263907433,0.04657320872274144,0.006308411214953272,0.016043613707165113,0.10094570538495773,0.13012906097018248,0.02474410324877615
49180,"Winston-Salem, NC",2052,1412,640,126,700,698,310,270,323,282,119,25,112,392,430,81,40.829401154401154,261.84844877344875,263.4984487734488,120.98138528138529,95.84963924963925,110.93416305916305,108.10321067821067,40.84567099567099,10.733333333333333,47.44166666666666,143.8460678210678,137.6770202020202,29.41154401154401,0.028916006483286932,0.18544507703502033,0.18661363227581357,0.08568086776302072,0.06788218077169918,0.07856527128835909,0.0765603475058149,0.02892752903376132,0.007601510859301225,0.033598914069877236,0.10187398570897152,0.09750497181446188,0.0208297053906119
49340,"Worcester, MA",3435,1967,1468,172,834,710,414,335,534,503,344,52,123,487,642,98,57.529761904761905,323.12380952380954,267.9690476190476,160.6079365079365,120.61507936507937,186.6809523809524,189.68571428571428,166.30277777777778,24.46785714285714,65.23571428571428,151.86785714285713,219.4738095238095,33.439682539682536,0.02924746411019924,0.16427239935119956,0.13623235771176798,0.0816512132729723,0.061319308268977815,0.0949064323238192,0.09643401844723655,0.08454640456419815,0.012439174958239523,0.033165080979010816,0.07720785823226087,0.11157794078485486,0.01700034699526311
49420,"Yakima, WA",566,468,98,49,249,186,158,102,123,94,111,25,8,113,163,30,12.749603174603175,80.68571428571428,53.13214285714286,70.67698412698412,30.572222222222223,36.88214285714286,30.25436507936508,40.266666666666666,11.986904761904762,3.1845238095238093,39.10793650793651,51.20952380952381,7.291269841269841,0.027242741826075157,0.17240537240537238,0.11353021978021977,0.15101919685253015,0.06532526115859448,0.07880799755799756,0.06464607922941255,0.08603988603988602,0.02561304436304436,0.0068045380545380535,0.08356396689730022,0.1094220594220594,0.015579636412969744
49620,"York-Hanover, PA",935,623,312,62,320,250,132,113,237,174,77,22,24,135,242,47,18.18968253968254,114.45515873015873,86.42896825396825,50.449999999999996,46.14087301587301,72.54801587301587,57.321825396825396,23.16785714285714,9.976190476190476,9.8,48.859920634920634,68.8313492063492,16.83015873015873,0.029196922214578716,0.18371614563428368,0.1387302861219394,0.08097913322632423,0.07406239649417819,0.11644946368060333,0.09200935055670208,0.03718757165787663,0.016013146831766415,0.015730337078651686,0.07842683890035415,0.11048370659125073,0.027014701011490738
49660,"Youngstown-Warren, OH",1222,938,284,154,506,458,298,239,360,273,201,7,16,354,256,89,42.65436507936508,158.11190476190475,131.05,92.87857142857143,71.78888888888889,104.70119047619048,74.17579365079365,58.365873015873014,3.033333333333333,3.827777777777778,103.73928571428571,72.37261904761905,21.300396825396824,0.045473736758384946,0.1685627982536298,0.1397121535181237,0.09901766676819983,0.07653399668325042,0.11162173824753782,0.07907867126950283,0.062223745219480826,0.003233830845771144,0.004080786543473111,0.11059625342674383,0.07715631028530816,0.022708312180593628
49700,"Yuba City, CA",226,143,83,6,50,28,40,23,28,36,22,2,0,44,27,6,1.525,21.73452380952381,11.141666666666666,18.525,13.459523809523809,14.13452380952381,17.96785714285714,12.717857142857143,0.8333333333333333,0.0,16.80952380952381,11.48452380952381,2.6666666666666665,0.010664335664335665,0.15198967698967702,0.07791375291375292,0.12954545454545457,0.09412254412254413,0.09884282384282386,0.12564935064935068,0.08893606393606396,0.005827505827505828,0.0,0.11754911754911758,0.08031135531135533,0.01864801864801865
49740,"Yuma, AZ",207,166,41,23,71,58,83,14,35,40,14,6,3,35,40,4,6.675,26.73452380952381,18.21785714285714,49.351190476190474,4.03452380952381,9.751190476190477,16.041666666666668,8.066666666666666,2.283333333333333,1.1666666666666665,11.00952380952381,11.767857142857142,0.9,0.040210843373493975,0.16105134825014344,0.10974612736660928,0.29729632816982215,0.024304360298336204,0.05874211130235227,0.09663654618473896,0.04859437751004016,0.013755020080321284,0.007028112449799196,0.06632243258749283,0.0708907056798623,0.005421686746987952
